amount,transaction_hour,transaction_day,high_amount,foreign_transaction
135.71,3,0,0,0
158.06,23,4,0,0
174.7,4,2,0,0
18.09,22,1,0,0
79.93,21,6,0,0
166.54,21,1,0,0
219.93,20,6,0,0
269.75,0,2,0,0
296.64,18,1,0,0
80.18,19,2,0,0
65.49,23,3,0,0
141.99,0,2,0,0
1170.91,9,2,1,1
221.05,22,2,0,0
232.65,16,3,0,0
274.35,22,6,0,0
87.33,23,4,0,0
124.01,21,0,0,0
210.7,16,2,0,0
28.71,19,2,0,0
248.42,22,1,0,0
264.91,4,2,0,0
146.23,1,3,0,0
170.41,21,4,0,0
136.96,17,6,0,0
66.58,1,4,0,0
167.99,19,4,0,0
38.88,1,2,0,0
289.4,3,0,0,0
118.11,5,2,0,0
100.28,21,3,0,0
194.25,23,0,0,0
160.83,1,6,0,0
87.98,16,3,0,0
106.48,23,1,0,0
122.56,22,3,0,0
83.96,18,4,0,0
187.97,16,0,0,0
261.95,23,0,0,0
213.67,20,4,0,0
42.95,1,0,0,0
54.49,5,6,0,0
219.26,3,0,0,0
96.96,5,2,0,0
3162.84,10,0,1,1
227.95,5,5,0,0
2102.81,13,0,1,1
204.05,20,3,0,0
226.61,16,3,0,0
158.55,3,3,0,0
94.78,2,2,0,0
71.8,3,0,0,0
41.22,3,6,0,0
2470.67,10,6,1,1
55.95,0,1,0,0
175.08,17,6,0,0
153.63,16,0,0,0
230.74,0,1,0,0
37.65,19,3,0,0
154.31,4,4,0,0
6.86,23,2,0,0
210.22,17,1,0,0
58.51,17,1,0,0
247.46,21,3,0,0
224.45,18,0,0,0
138.24,5,1,0,0
173.72,20,5,0,0
31.85,16,3,0,0
146.68,3,2,0,0
210.77,3,2,0,0
176.43,20,1,0,0
250.02,21,2,0,0
26.68,17,3,0,0
6.83,4,5,0,0
2599.68,11,1,1,1
237.72,1,2,0,0
201.03,18,3,0,0
261.09,3,6,0,0
147.73,22,3,0,0
112.1,0,4,0,0
287.06,3,1,0,0
283.71,4,5,0,0
279.27,19,0,0,0
76.5,22,4,0,0
296.38,19,2,0,0
247.96,5,0,0,0
164.93,18,2,0,0
3616.05,9,4,1,1
235.14,17,2,0,0
287.23,23,6,0,0
263.36,20,0,0,0
25.88,1,1,0,0
174.76,16,4,0,0
58.89,18,1,0,0
79.19,3,2,0,0
57.78,19,1,0,0
69.85,2,6,0,0
24.95,1,2,0,0
222.01,18,6,0,0
144.81,21,5,0,0
151.54,1,1,0,0
138.62,16,6,0,0
203.07,23,2,0,0
256.7,16,0,0,0
80.71,1,0,0,0
269.53,2,2,0,0
149.54,1,6,0,0
145.17,1,1,0,0
87.65,2,0,0,0
198.44,17,1,0,0
115.29,20,5,0,0
40.72,21,6,0,0
203.96,22,6,0,0
99.33,1,1,0,0
227.76,5,2,0,0
275.85,4,1,0,0
75.89,17,1,0,0
1739.43,14,1,1,1
210.8,1,4,0,0
154.72,22,1,0,0
114.16,21,1,0,0
258.01,4,2,0,0
201.89,3,6,0,0
85.26,17,3,0,0
44.84,3,1,0,0
172.39,21,0,0,0
84.7,5,5,0,0
116.84,5,5,0,0
202.77,17,3,0,0
120.44,18,0,0,0
223.94,16,4,0,0
4886.34,14,6,1,1
39.65,1,5,0,0
282.1,22,0,0,0
246.04,5,5,0,0
40.12,20,5,0,0
278.15,16,3,0,0
209.67,3,0,0,0
1320.23,13,1,1,1
250.31,20,4,0,0
141.79,5,3,0,0
69.21,16,2,0,0
278.63,0,4,0,0
284.06,16,2,0,0
100.91,20,6,0,0
283.25,22,4,0,0
77.49,0,5,0,0
84.21,5,4,0,0
9.59,5,2,0,0
71.21,19,6,0,0
4584.54,13,3,1,1
206.13,3,2,0,0
160.6,1,6,0,0
266.8,3,0,0,0
205.37,4,6,0,0
262.78,22,0,0,0
293.62,20,5,0,0
243.04,3,3,0,0
93.26,22,5,0,0
126.14,18,5,0,0
3134.31,13,5,1,1
295.13,5,4,0,0
71.9,22,6,0,0
65.87,1,4,0,0
192.19,20,3,0,0
64.92,1,0,0,0
280.13,3,2,0,0
39.62,16,2,0,0
57.61,20,1,0,0
145.05,5,3,0,0
225.42,23,0,0,0
194.11,18,5,0,0
118.33,17,5,0,0
63.4,20,5,0,0
2270.27,12,2,1,1
244.41,16,6,0,0
5.09,21,3,0,0
119.39,17,4,0,0
223.87,1,0,0,0
285.4,23,2,0,0
49.4,22,2,0,0
126.08,20,0,0,0
18.65,17,6,0,0
151.13,17,4,0,0
188.39,4,1,0,0
197.63,17,0,0,0
297.97,23,5,0,0
24.08,23,5,0,0
73.21,22,0,0,0
156.36,0,0,0,0
293.23,0,2,0,0
241.47,0,6,0,0
153.52,5,0,0,0
57.37,18,3,0,0
280.64,0,1,0,0
180.81,21,0,0,0
178.53,17,4,0,0
153.61,16,3,0,0
56.37,23,6,0,0
215.89,5,6,0,0
65.83,1,4,0,0
287.54,5,6,0,0
274.95,17,2,0,0
32.35,22,3,0,0
118.81,1,3,0,0
293.48,20,1,0,0
4126.63,14,0,1,1
118.48,2,1,0,0
127.71,2,3,0,0
61.06,21,0,0,0
29.46,2,0,0,0
166.89,21,2,0,0
193.27,18,6,0,0
248.88,4,5,0,0
255.49,4,0,0,0
69.28,22,6,0,0
150.52,19,4,0,0
53.32,21,0,0,0
172.84,19,5,0,0
90.44,1,2,0,0
172.33,0,6,0,0
196.32,17,0,0,0
4183.52,14,5,1,1
189.46,5,6,0,0
277.42,1,4,0,0
100.4,17,3,0,0
75.51,20,2,0,0
73.96,0,1,0,0
133.67,17,0,0,0
212.76,21,3,0,0
259.43,5,1,0,0
90.56,16,1,0,0
243.92,2,3,0,0
5.75,2,6,0,0
61.66,5,2,0,0
92.84,4,2,0,0
226.54,0,3,0,0
85.72,4,1,0,0
53.81,22,3,0,0
81.1,1,0,0,0
107.17,0,4,0,0
234.5,1,3,0,0
22.53,1,1,0,0
89.34,20,1,0,0
209.21,22,6,0,0
294.26,3,3,0,0
275.91,16,4,0,0
209.96,5,4,0,0
292.74,16,6,0,0
74.04,19,6,0,0
246.16,17,3,0,0
243.73,19,4,0,0
291.48,23,3,0,0
2000.12,10,1,1,1
232.72,19,1,0,0
3659.73,12,5,1,1
197.65,18,2,0,0
94.55,17,0,0,0
273.22,23,4,0,0
31.7,1,4,0,0
95.84,5,2,0,0
127.86,20,2,0,0
236.63,17,5,0,0
255.25,18,0,0,0
257.47,5,1,0,0
131.17,16,0,0,0
129.57,23,0,0,0
283.34,5,5,0,0
185.17,0,4,0,0
210.49,23,0,0,0
231.01,1,2,0,0
79.96,3,1,0,0
2455.46,13,3,1,1
224.57,22,3,0,0
13.41,17,3,0,0
250.0,19,0,0,0
111.06,21,4,0,0
97.92,16,2,0,0
233.99,21,5,0,0
269.7,4,0,0,0
255.38,17,5,0,0
77.59,20,6,0,0
67.51,23,1,0,0
160.29,23,0,0,0
5.5,5,6,0,0
62.57,22,6,0,0
57.26,0,2,0,0
242.35,2,5,0,0
50.62,21,6,0,0
295.39,18,5,0,0
16.43,23,5,0,0
83.95,1,0,0,0
18.88,23,6,0,0
153.28,22,4,0,0
10.21,4,0,0,0
1790.16,14,3,1,1
156.99,2,3,0,0
111.44,1,4,0,0
3390.18,9,1,1,1
96.43,19,1,0,0
235.62,17,6,0,0
248.77,20,6,0,0
191.52,4,5,0,0
124.46,2,5,0,0
84.49,2,0,0,0
4855.94,9,1,1,1
158.81,1,0,0,0
84.88,22,0,0,0
165.2,22,6,0,0
173.65,21,2,0,0
198.04,1,0,0,0
82.49,22,2,0,0
79.22,16,4,0,0
169.13,21,2,0,0
185.02,1,3,0,0
202.88,1,0,0,0
222.4,0,5,0,0
176.99,20,0,0,0
79.28,16,0,0,0
228.41,0,6,0,0
56.62,4,6,0,0
32.74,17,6,0,0
116.72,2,1,0,0
108.23,16,6,0,0
129.56,1,5,0,0
20.56,18,1,0,0
195.6,1,0,0,0
46.88,19,2,0,0
86.45,20,2,0,0
31.76,4,4,0,0
2502.36,10,6,1,1
43.73,21,1,0,0
165.01,3,2,0,0
220.42,18,0,0,0
194.57,20,3,0,0
69.25,21,2,0,0
14.38,23,2,0,0
103.34,4,1,0,0
135.77,0,4,0,0
297.4,21,3,0,0
17.27,2,2,0,0
258.44,22,4,0,0
41.05,1,0,0,0
274.27,16,3,0,0
1567.0,13,3,1,1
288.3,1,0,0,0
173.35,5,5,0,0
269.15,22,1,0,0
213.34,21,6,0,0
219.58,2,0,0,0
222.28,16,6,0,0
262.91,17,2,0,0
161.76,23,3,0,0
204.73,18,3,0,0
209.17,4,4,0,0
161.37,22,3,0,0
261.14,5,2,0,0
25.52,17,4,0,0
255.77,4,5,0,0
160.8,5,1,0,0
211.16,20,5,0,0
181.31,17,1,0,0
149.78,20,5,0,0
119.06,16,0,0,0
264.98,18,4,0,0
38.7,20,3,0,0
6.38,1,0,0,0
33.9,18,3,0,0
166.85,5,6,0,0
92.15,0,4,0,0
245.4,2,6,0,0
138.34,20,2,0,0
17.81,23,4,0,0
18.35,22,2,0,0
122.18,21,2,0,0
217.46,16,2,0,0
172.72,0,5,0,0
16.29,5,1,0,0
127.95,1,0,0,0
197.58,16,0,0,0
232.26,1,4,0,0
83.97,16,5,0,0
264.9,23,6,0,0
256.86,2,1,0,0
164.72,21,6,0,0
14.96,0,0,0,0
226.27,17,5,0,0
104.86,5,3,0,0
260.84,5,1,0,0
136.11,16,2,0,0
85.55,3,6,0,0
146.61,18,1,0,0
123.36,23,0,0,0
35.06,20,1,0,0
176.19,0,0,0,0
274.3,18,2,0,0
201.37,4,5,0,0
292.72,1,6,0,0
85.9,2,1,0,0
51.56,19,1,0,0
286.4,0,1,0,0
166.33,18,3,0,0
4866.94,10,2,1,1
20.55,5,2,0,0
294.17,20,4,0,0
143.69,0,2,0,0
89.02,19,2,0,0
70.1,20,2,0,0
40.51,16,4,0,0
56.32,18,5,0,0
64.12,23,2,0,0
39.64,5,5,0,0
279.03,23,6,0,0
121.89,20,6,0,0
255.57,1,6,0,0
79.25,21,5,0,0
157.92,0,4,0,0
44.05,16,3,0,0
244.83,21,2,0,0
5.48,16,5,0,0
55.66,21,1,0,0
2299.53,10,6,1,1
162.22,20,3,0,0
31.84,20,3,0,0
198.13,1,5,0,0
70.52,22,3,0,0
67.58,5,6,0,0
24.21,2,4,0,0
230.44,21,1,0,0
208.99,3,2,0,0
164.6,20,6,0,0
185.67,17,3,0,0
285.8,21,4,0,0
24.23,22,2,0,0
164.06,20,6,0,0
76.58,23,1,0,0
1057.72,14,0,1,1
279.23,21,3,0,0
104.32,5,6,0,0
136.89,3,1,0,0
230.53,20,3,0,0
29.67,0,3,0,0
2803.39,12,1,1,1
116.94,5,1,0,0
214.69,22,3,0,0
131.49,3,0,0,0
146.72,1,5,0,0
148.28,18,5,0,0
274.81,4,0,0,0
207.05,22,4,0,0
96.92,1,0,0,0
125.82,20,6,0,0
90.47,18,1,0,0
30.66,16,2,0,0
206.46,22,3,0,0
105.96,17,0,0,0
292.83,21,6,0,0
49.12,3,1,0,0
28.4,19,1,0,0
20.92,18,2,0,0
130.64,18,3,0,0
20.23,17,4,0,0
176.94,2,6,0,0
113.61,3,5,0,0
243.66,23,5,0,0
1456.78,12,1,1,1
23.5,3,1,0,0
30.38,20,6,0,0
142.71,18,6,0,0
120.03,5,0,0,0
11.48,16,2,0,0
5.83,1,4,0,0
181.86,17,5,0,0
68.37,2,6,0,0
84.59,18,5,0,0
131.18,22,2,0,0
217.79,2,2,0,0
193.92,16,5,0,0
127.18,2,2,0,0
4815.85,11,6,1,1
126.86,0,4,0,0
4991.03,12,0,1,1
133.19,21,5,0,0
36.34,4,2,0,0
177.43,5,4,0,0
87.55,21,2,0,0
296.31,1,4,0,0
228.61,1,1,0,0
34.52,5,1,0,0
204.8,19,1,0,0
109.28,23,2,0,0
114.86,21,3,0,0
257.73,18,2,0,0
288.22,1,5,0,0
86.8,16,5,0,0
90.07,16,2,0,0
190.19,20,5,0,0
170.41,21,3,0,0
130.15,4,1,0,0
256.03,21,1,0,0
48.58,18,0,0,0
40.07,16,5,0,0
257.59,23,2,0,0
206.9,19,1,0,0
246.32,2,2,0,0
3002.31,10,3,1,1
180.97,23,1,0,0
134.27,21,2,0,0
93.85,16,4,0,0
140.48,1,6,0,0
96.97,3,1,0,0
99.0,23,1,0,0
246.12,3,5,0,0
244.94,0,0,0,0
291.02,18,0,0,0
250.21,21,5,0,0
76.53,18,0,0,0
33.36,16,2,0,0
151.97,17,1,0,0
208.3,16,1,0,0
261.41,17,3,0,0
184.99,19,6,0,0
207.18,18,0,0,0
1850.89,10,0,1,1
279.63,2,4,0,0
82.16,17,1,0,0
162.14,3,0,0,0
21.88,18,5,0,0
190.79,4,6,0,0
166.88,0,6,0,0
121.51,4,6,0,0
151.91,4,4,0,0
67.6,5,4,0,0
219.13,3,6,0,0
230.43,2,4,0,0
173.83,22,1,0,0
271.62,18,5,0,0
14.97,20,1,0,0
182.07,19,5,0,0
115.67,1,5,0,0
22.11,5,1,0,0
265.48,1,4,0,0
193.16,21,5,0,0
212.29,3,3,0,0
287.45,18,3,0,0
255.97,22,2,0,0
102.26,22,6,0,0
4151.28,11,0,1,1
1038.95,12,0,1,1
78.33,16,3,0,0
234.13,23,0,0,0
42.02,3,5,0,0
11.95,4,5,0,0
112.61,2,5,0,0
229.11,17,4,0,0
123.18,20,5,0,0
225.86,0,5,0,0
133.49,4,0,0,0
224.12,18,5,0,0
222.42,4,2,0,0
286.09,20,6,0,0
175.36,16,6,0,0
45.69,18,1,0,0
78.07,1,5,0,0
158.56,18,2,0,0
51.5,18,0,0,0
22.56,2,2,0,0
206.23,19,6,0,0
169.5,22,2,0,0
134.73,19,3,0,0
129.57,1,6,0,0
151.3,3,3,0,0
287.35,21,6,0,0
200.19,5,2,0,0
250.41,20,4,0,0
85.16,16,6,0,0
155.23,4,4,0,0
264.2,20,0,0,0
42.1,5,2,0,0
230.66,22,4,0,0
95.03,22,0,0,0
32.33,0,0,0,0
73.27,4,4,0,0
59.0,21,3,0,0
197.86,16,5,0,0
224.62,2,0,0,0
180.2,5,3,0,0
184.48,2,6,0,0
54.66,19,5,0,0
153.72,16,1,0,0
181.72,2,1,0,0
109.99,18,3,0,0
243.32,17,3,0,0
238.36,1,1,0,0
75.79,18,5,0,0
54.86,2,1,0,0
4505.44,11,0,1,1
156.28,18,0,0,0
31.17,18,0,0,0
278.17,2,0,0,0
155.97,18,1,0,0
141.15,17,1,0,0
110.53,19,6,0,0
205.39,17,0,0,0
217.85,18,5,0,0
4746.87,11,2,1,1
146.04,22,1,0,0
74.99,1,2,0,0
288.13,3,0,0,0
208.22,0,4,0,0
2001.43,11,6,1,1
72.04,5,2,0,0
286.43,1,0,0,0
86.32,3,0,0,0
260.56,20,1,0,0
191.77,20,0,0,0
214.96,22,4,0,0
127.18,4,2,0,0
186.62,17,1,0,0
173.55,5,2,0,0
27.83,23,6,0,0
188.65,5,3,0,0
259.69,21,6,0,0
58.72,22,6,0,0
20.6,17,4,0,0
144.07,1,1,0,0
93.76,5,2,0,0
209.63,5,1,0,0
293.17,17,3,0,0
12.95,21,4,0,0
125.21,23,5,0,0
42.64,18,3,0,0
2374.27,10,1,1,1
229.76,22,6,0,0
9.6,0,5,0,0
51.24,19,5,0,0
266.97,18,4,0,0
16.3,1,4,0,0
116.44,23,3,0,0
154.87,23,1,0,0
179.94,4,5,0,0
126.41,3,4,0,0
54.66,20,5,0,0
214.3,5,6,0,0
294.3,3,5,0,0
195.49,22,1,0,0
241.07,19,5,0,0
84.5,18,0,0,0
2548.68,11,4,1,1
129.4,4,2,0,0
4991.73,10,1,1,1
227.38,5,2,0,0
230.81,17,4,0,0
57.86,18,1,0,0
165.78,0,3,0,0
49.76,5,0,0,0
27.48,21,2,0,0
231.05,3,5,0,0
199.81,20,0,0,0
141.33,20,2,0,0
35.42,16,6,0,0
161.52,4,2,0,0
65.77,20,4,0,0
76.53,22,1,0,0
182.01,23,3,0,0
264.15,20,5,0,0
127.18,23,6,0,0
12.16,1,1,0,0
150.53,2,6,0,0
238.29,22,3,0,0
172.54,19,0,0,0
61.77,23,3,0,0
47.48,16,1,0,0
160.86,19,0,0,0
3290.96,13,5,1,1
268.01,17,2,0,0
2344.23,9,6,1,1
115.22,18,6,0,0
194.51,16,2,0,0
212.92,2,1,0,0
143.95,23,2,0,0
91.86,17,2,0,0
149.99,22,6,0,0
61.06,1,6,0,0
181.0,0,1,0,0
282.56,0,3,0,0
120.37,5,0,0,0
6.97,19,2,0,0
276.93,22,1,0,0
217.25,16,6,0,0
87.93,5,6,0,0
22.74,3,5,0,0
45.6,5,3,0,0
176.53,20,5,0,0
185.13,20,2,0,0
279.28,16,6,0,0
142.35,3,3,0,0
208.01,2,2,0,0
1489.99,14,4,1,1
192.83,2,4,0,0
295.12,2,0,0,0
41.2,18,1,0,0
174.88,23,5,0,0
186.45,3,4,0,0
173.04,21,6,0,0
139.99,22,6,0,0
32.72,17,5,0,0
55.46,19,1,0,0
248.22,19,0,0,0
277.36,20,1,0,0
241.51,3,3,0,0
244.97,16,0,0,0
191.87,0,6,0,0
89.56,23,0,0,0
30.27,4,1,0,0
224.24,20,4,0,0
147.07,5,1,0,0
130.11,3,2,0,0
132.97,18,3,0,0
79.61,5,6,0,0
143.3,0,2,0,0
52.24,22,1,0,0
103.33,2,0,0,0
4705.09,12,5,1,1
282.18,21,1,0,0
289.18,0,3,0,0
60.19,3,0,0,0
118.13,21,0,0,0
80.9,19,6,0,0
213.79,18,1,0,0
235.5,0,2,0,0
165.32,20,0,0,0
3374.6,13,3,1,1
88.21,1,1,0,0
110.39,21,6,0,0
204.49,23,0,0,0
245.65,21,3,0,0
55.97,0,0,0,0
19.92,0,3,0,0
104.59,3,5,0,0
187.93,0,6,0,0
2206.74,9,6,1,1
123.76,17,6,0,0
206.85,19,6,0,0
3187.95,9,1,1,1
206.76,23,0,0,0
172.92,5,1,0,0
228.91,4,0,0,0
37.15,0,1,0,0
197.21,20,6,0,0
293.17,3,1,0,0
164.99,16,1,0,0
199.48,2,0,0,0
258.1,1,3,0,0
235.9,22,5,0,0
263.59,19,4,0,0
185.95,19,4,0,0
296.73,22,0,0,0
157.88,20,4,0,0
123.71,1,2,0,0
129.97,4,4,0,0
258.38,19,5,0,0
192.08,4,5,0,0
1492.92,10,6,1,1
140.54,21,6,0,0
16.41,5,1,0,0
31.52,17,5,0,0
99.83,5,2,0,0
3335.87,12,5,1,1
161.85,21,4,0,0
297.06,23,2,0,0
71.3,21,6,0,0
72.66,23,1,0,0
86.28,19,5,0,0
8.65,23,1,0,0
12.36,16,6,0,0
91.23,20,2,0,0
194.39,20,5,0,0
37.76,5,6,0,0
93.35,0,0,0,0
208.12,1,3,0,0
27.0,18,1,0,0
144.63,16,4,0,0
111.14,17,3,0,0
30.92,4,5,0,0
121.41,2,3,0,0
152.79,20,0,0,0
81.07,16,1,0,0
288.49,20,1,0,0
5.45,17,5,0,0
244.96,17,6,0,0
186.29,21,5,0,0
10.97,4,0,0,0
186.39,23,5,0,0
163.01,20,4,0,0
262.91,1,6,0,0
83.45,23,3,0,0
188.92,22,6,0,0
223.06,16,5,0,0
117.4,20,3,0,0
225.18,21,2,0,0
238.36,16,6,0,0
55.47,0,0,0,0
214.73,5,3,0,0
94.26,19,6,0,0
125.94,20,1,0,0
253.72,5,4,0,0
4472.41,13,1,1,1
282.57,23,4,0,0
91.63,23,3,0,0
107.7,21,0,0,0
66.56,20,0,0,0
268.61,0,0,0,0
278.9,1,1,0,0
255.43,19,6,0,0
104.55,20,0,0,0
201.07,22,6,0,0
152.27,23,0,0,0
100.24,3,2,0,0
25.63,23,6,0,0
177.69,22,6,0,0
129.43,2,5,0,0
94.08,19,4,0,0
31.5,1,2,0,0
59.39,23,0,0,0
9.86,22,4,0,0
214.84,5,6,0,0
88.81,21,4,0,0
107.37,20,2,0,0
28.91,18,0,0,0
105.38,23,4,0,0
140.28,2,3,0,0
168.46,2,5,0,0
101.64,18,0,0,0
54.12,1,2,0,0
120.08,0,6,0,0
282.12,1,4,0,0
293.66,19,3,0,0
147.01,20,3,0,0
33.15,4,6,0,0
278.61,4,2,0,0
245.15,20,3,0,0
187.62,16,4,0,0
157.4,21,0,0,0
31.92,23,4,0,0
105.04,4,0,0,0
277.29,1,2,0,0
84.43,20,6,0,0
36.4,1,6,0,0
154.38,1,6,0,0
164.0,4,5,0,0
186.98,1,1,0,0
68.58,22,1,0,0
47.4,2,5,0,0
168.76,5,6,0,0
183.41,22,6,0,0
146.19,23,3,0,0
36.61,23,4,0,0
98.48,22,1,0,0
233.33,3,2,0,0
283.22,1,1,0,0
235.69,20,5,0,0
27.16,1,2,0,0
19.77,2,5,0,0
90.5,22,0,0,0
156.42,20,4,0,0
104.97,5,1,0,0
246.73,16,2,0,0
266.62,22,3,0,0
64.49,2,5,0,0
279.61,20,1,0,0
232.93,18,1,0,0
215.47,2,4,0,0
271.8,18,3,0,0
50.75,19,0,0,0
232.05,20,1,0,0
217.31,3,6,0,0
217.97,21,1,0,0
115.64,18,4,0,0
219.87,2,5,0,0
1684.1,14,6,1,1
206.84,1,4,0,0
74.07,4,5,0,0
289.32,23,2,0,0
272.5,20,6,0,0
9.64,19,2,0,0
173.17,1,3,0,0
68.11,18,4,0,0
165.18,21,0,0,0
207.92,3,0,0,0
244.46,22,3,0,0
147.38,16,3,0,0
173.54,23,0,0,0
205.93,5,5,0,0
177.02,18,0,0,0
132.81,3,2,0,0
149.62,17,1,0,0
116.29,18,5,0,0
118.34,4,3,0,0
242.08,1,2,0,0
38.39,23,0,0,0
219.63,18,1,0,0
142.3,18,6,0,0
35.47,19,4,0,0
156.83,4,4,0,0
158.13,0,3,0,0
75.39,17,6,0,0
184.75,1,5,0,0
172.93,19,2,0,0
156.88,16,2,0,0
33.77,19,5,0,0
142.74,0,5,0,0
132.45,17,6,0,0
208.12,3,4,0,0
2742.99,9,2,1,1
3584.77,12,1,1,1
177.69,1,1,0,0
219.27,2,0,0,0
85.13,17,3,0,0
115.63,5,1,0,0
171.38,22,5,0,0
240.45,19,1,0,0
258.01,16,0,0,0
57.88,21,4,0,0
203.75,21,5,0,0
3511.93,14,2,1,1
4532.71,9,4,1,1
252.0,1,1,0,0
5.63,17,0,0,0
168.05,5,1,0,0
214.34,4,4,0,0
199.76,18,0,0,0
286.68,1,2,0,0
221.67,4,1,0,0
231.35,1,0,0,0
178.77,2,2,0,0
17.6,5,2,0,0
290.95,0,6,0,0
28.44,4,3,0,0
294.94,17,4,0,0
104.35,0,0,0,0
78.66,1,0,0,0
97.12,3,6,0,0
82.67,4,6,0,0
108.65,3,5,0,0
1880.76,12,6,1,1
131.43,19,5,0,0
142.09,22,5,0,0
105.35,20,6,0,0
93.96,0,4,0,0
1096.45,9,1,1,1
215.06,0,3,0,0
33.38,19,4,0,0
116.03,0,4,0,0
184.46,20,6,0,0
292.55,5,6,0,0
144.8,4,2,0,0
109.87,21,0,0,0
111.08,22,4,0,0
299.64,18,4,0,0
106.83,20,4,0,0
241.61,18,5,0,0
243.09,0,2,0,0
243.51,17,0,0,0
129.68,16,3,0,0
2868.22,11,1,1,1
109.41,16,4,0,0
179.22,17,6,0,0
256.08,17,2,0,0
91.27,4,3,0,0
205.96,17,2,0,0
262.52,21,3,0,0
77.0,23,6,0,0
15.76,19,3,0,0
82.28,4,0,0,0
182.58,22,5,0,0
4690.46,13,6,1,1
278.51,5,1,0,0
145.94,19,6,0,0
139.56,4,1,0,0
160.15,19,6,0,0
108.41,4,3,0,0
238.02,16,6,0,0
78.01,16,6,0,0
134.05,21,6,0,0
18.19,0,4,0,0
254.7,4,0,0,0
139.87,2,1,0,0
60.02,5,0,0,0
279.73,5,5,0,0
210.98,18,6,0,0
232.06,5,2,0,0
177.22,18,1,0,0
231.11,17,6,0,0
119.32,23,1,0,0
116.28,20,1,0,0
15.53,3,0,0,0
253.3,21,1,0,0
47.65,19,1,0,0
213.38,23,1,0,0
248.33,3,3,0,0
84.22,21,3,0,0
11.17,1,5,0,0
254.47,19,0,0,0
183.26,17,6,0,0
97.0,1,3,0,0
280.81,21,1,0,0
130.07,23,6,0,0
253.8,18,3,0,0
99.88,17,1,0,0
119.69,19,3,0,0
81.71,1,6,0,0
121.35,22,0,0,0
137.18,23,0,0,0
258.92,2,2,0,0
241.26,3,3,0,0
250.13,2,2,0,0
16.61,1,5,0,0
87.47,17,3,0,0
171.87,2,3,0,0
207.51,17,4,0,0
83.19,18,4,0,0
159.97,21,3,0,0
210.74,4,2,0,0
203.22,1,1,0,0
111.72,2,5,0,0
199.49,4,5,0,0
22.99,4,0,0,0
240.02,17,0,0,0
62.5,19,1,0,0
114.2,17,5,0,0
180.18,3,1,0,0
73.98,0,1,0,0
133.71,5,6,0,0
152.2,23,2,0,0
77.85,20,4,0,0
88.84,1,2,0,0
63.59,4,4,0,0
282.42,5,0,0,0
96.54,19,3,0,0
126.17,17,0,0,0
20.55,22,1,0,0
213.66,21,6,0,0
153.2,19,4,0,0
97.68,19,3,0,0
291.2,1,1,0,0
218.49,22,2,0,0
238.75,22,5,0,0
46.45,5,2,0,0
25.35,5,2,0,0
149.15,16,1,0,0
134.3,22,6,0,0
114.48,17,6,0,0
131.48,23,2,0,0
178.59,23,0,0,0
60.08,20,0,0,0
116.75,16,2,0,0
84.51,3,2,0,0
141.56,17,2,0,0
10.47,23,0,0,0
263.34,19,2,0,0
6.57,4,4,0,0
131.88,16,4,0,0
208.02,17,1,0,0
28.07,4,2,0,0
103.82,0,5,0,0
148.6,16,0,0,0
127.37,19,3,0,0
157.22,21,5,0,0
194.3,3,6,0,0
48.32,5,4,0,0
146.89,22,6,0,0
288.84,17,6,0,0
11.73,20,2,0,0
273.68,16,5,0,0
111.79,20,1,0,0
76.51,22,0,0,0
290.22,0,6,0,0
92.06,17,3,0,0
180.02,16,5,0,0
288.69,23,6,0,0
298.47,22,2,0,0
156.3,20,6,0,0
123.66,1,4,0,0
98.46,2,0,0,0
255.98,18,5,0,0
166.37,16,0,0,0
163.94,19,1,0,0
267.76,23,5,0,0
154.33,1,4,0,0
293.2,22,3,0,0
288.22,20,4,0,0
37.44,5,1,0,0
223.5,21,0,0,0
120.82,19,4,0,0
143.3,22,6,0,0
150.51,3,0,0,0
54.03,23,0,0,0
71.75,19,0,0,0
15.02,3,0,0,0
1397.39,9,4,1,1
137.51,0,6,0,0
179.73,3,5,0,0
58.52,17,2,0,0
183.81,17,4,0,0
291.92,18,6,0,0
284.62,3,2,0,0
185.69,22,0,0,0
14.85,22,0,0,0
293.78,17,1,0,0
118.77,3,4,0,0
175.11,23,5,0,0
190.07,2,2,0,0
121.3,3,5,0,0
270.37,4,4,0,0
110.83,0,2,0,0
270.13,3,3,0,0
208.46,17,0,0,0
83.98,1,3,0,0
281.49,3,3,0,0
148.98,18,0,0,0
257.57,20,5,0,0
218.0,18,0,0,0
1579.49,10,2,1,1
123.37,20,4,0,0
67.38,23,2,0,0
198.79,20,5,0,0
59.38,4,2,0,0
196.15,4,1,0,0
28.57,20,6,0,0
70.82,4,2,0,0
165.7,1,6,0,0
112.96,3,0,0,0
2133.14,14,0,1,1
230.31,18,6,0,0
253.79,16,4,0,0
173.92,5,6,0,0
1732.55,13,5,1,1
234.35,2,6,0,0
18.72,19,6,0,0
4749.86,10,1,1,1
66.31,16,6,0,0
144.11,22,3,0,0
68.61,0,3,0,0
206.66,2,5,0,0
3445.4,14,1,1,1
171.81,16,5,0,0
24.96,19,4,0,0
28.84,3,2,0,0
2713.1,11,5,1,1
114.98,5,3,0,0
147.58,1,2,0,0
298.8,20,4,0,0
253.72,18,1,0,0
74.76,23,5,0,0
151.17,2,3,0,0
111.45,0,0,0,0
230.29,2,1,0,0
92.29,1,0,0,0
80.1,1,1,0,0
249.79,0,6,0,0
15.57,3,3,0,0
159.26,5,3,0,0
235.36,22,2,0,0
33.95,2,2,0,0
37.49,16,4,0,0
172.68,17,2,0,0
195.62,1,3,0,0
70.38,16,0,0,0
5.27,17,6,0,0
241.87,23,0,0,0
154.35,22,3,0,0
115.47,20,6,0,0
1465.32,12,4,1,1
60.67,5,2,0,0
280.41,5,4,0,0
213.0,18,3,0,0
263.8,20,2,0,0
221.14,3,2,0,0
293.26,23,2,0,0
1497.18,14,6,1,1
178.59,3,5,0,0
42.09,23,4,0,0
260.58,2,6,0,0
174.48,3,0,0,0
29.7,3,3,0,0
63.55,16,2,0,0
161.86,5,1,0,0
93.86,18,6,0,0
191.84,22,1,0,0
34.59,18,5,0,0
189.5,3,6,0,0
196.8,18,5,0,0
24.5,4,3,0,0
142.69,5,4,0,0
37.54,18,0,0,0
260.96,16,0,0,0
3469.1,13,0,1,1
251.17,5,2,0,0
57.66,0,6,0,0
87.28,18,2,0,0
282.39,0,1,0,0
137.47,23,5,0,0
105.87,3,5,0,0
150.38,2,0,0,0
231.47,16,2,0,0
108.42,5,1,0,0
57.11,1,5,0,0
93.48,1,2,0,0
238.94,3,3,0,0
196.09,20,3,0,0
159.35,0,5,0,0
208.0,18,4,0,0
263.78,18,5,0,0
6.39,22,0,0,0
283.95,5,6,0,0
286.72,22,2,0,0
215.36,17,2,0,0
134.17,23,1,0,0
10.79,19,6,0,0
61.16,0,1,0,0
165.03,1,4,0,0
255.53,4,2,0,0
81.61,20,4,0,0
161.89,3,1,0,0
270.67,23,0,0,0
108.97,21,5,0,0
299.86,16,1,0,0
13.18,3,5,0,0
216.79,3,1,0,0
290.3,23,1,0,0
21.05,0,5,0,0
21.69,17,1,0,0
55.06,17,0,0,0
15.05,17,3,0,0
68.84,23,2,0,0
188.9,19,5,0,0
298.66,5,0,0,0
162.03,2,6,0,0
263.17,5,1,0,0
164.42,2,0,0,0
294.48,20,5,0,0
1166.18,13,0,1,1
40.6,1,2,0,0
35.16,18,6,0,0
31.4,3,5,0,0
245.36,18,6,0,0
147.89,17,2,0,0
297.92,21,3,0,0
32.82,0,6,0,0
51.67,20,6,0,0
222.77,5,5,0,0
289.85,22,5,0,0
240.99,21,2,0,0
54.67,17,4,0,0
71.15,17,5,0,0
204.46,20,3,0,0
280.94,3,5,0,0
220.35,22,1,0,0
49.04,4,1,0,0
223.81,19,3,0,0
255.33,3,5,0,0
294.21,3,0,0,0
86.29,23,0,0,0
250.95,19,6,0,0
257.57,23,0,0,0
186.96,3,6,0,0
252.31,4,0,0,0
43.96,21,6,0,0
48.26,3,4,0,0
262.46,4,5,0,0
292.37,21,0,0,0
249.64,23,5,0,0
80.21,18,6,0,0
246.03,3,0,0,0
116.93,5,5,0,0
3286.41,12,2,1,1
23.91,19,6,0,0
181.26,0,5,0,0
199.83,17,4,0,0
247.39,18,6,0,0
60.34,0,0,0,0
225.39,2,2,0,0
220.46,0,3,0,0
10.59,17,3,0,0
121.37,17,6,0,0
200.97,1,0,0,0
105.32,3,3,0,0
3324.27,9,3,1,1
231.29,3,3,0,0
197.24,16,0,0,0
168.5,1,6,0,0
208.73,21,2,0,0
86.26,17,0,0,0
172.71,19,1,0,0
183.01,18,4,0,0
237.6,23,5,0,0
198.23,2,4,0,0
3166.49,9,2,1,1
110.68,0,0,0,0
76.47,20,5,0,0
50.44,5,1,0,0
250.68,22,4,0,0
115.87,5,3,0,0
194.92,20,1,0,0
287.44,21,0,0,0
284.9,2,4,0,0
56.49,4,5,0,0
274.69,21,3,0,0
215.34,20,5,0,0
262.65,0,2,0,0
117.06,4,2,0,0
105.17,5,6,0,0
120.84,4,4,0,0
64.09,3,1,0,0
2459.12,10,0,1,1
5.74,2,1,0,0
203.18,18,0,0,0
71.33,0,5,0,0
21.49,2,4,0,0
18.87,17,0,0,0
210.41,2,1,0,0
138.53,5,1,0,0
196.65,1,5,0,0
176.58,21,5,0,0
117.06,16,0,0,0
26.18,3,6,0,0
227.76,1,1,0,0
258.8,4,2,0,0
1967.79,10,5,1,1
103.76,21,0,0,0
211.13,0,4,0,0
58.7,1,1,0,0
228.12,21,0,0,0
203.84,0,1,0,0
107.69,22,5,0,0
31.94,2,2,0,0
2977.27,11,4,1,1
222.4,17,6,0,0
183.06,4,2,0,0
295.88,20,6,0,0
64.75,1,0,0,0
225.18,22,0,0,0
200.12,21,3,0,0
75.62,0,2,0,0
235.46,5,4,0,0
66.56,17,3,0,0
65.08,17,6,0,0
221.59,5,5,0,0
108.58,17,3,0,0
177.97,4,1,0,0
101.72,23,6,0,0
184.58,2,5,0,0
298.63,22,6,0,0
260.13,23,4,0,0
273.8,5,5,0,0
78.53,4,1,0,0
276.49,4,5,0,0
139.28,18,3,0,0
18.52,19,4,0,0
30.45,1,0,0,0
122.11,4,3,0,0
63.88,17,4,0,0
22.78,22,5,0,0
5.82,20,1,0,0
125.6,1,3,0,0
293.52,23,2,0,0
152.98,21,6,0,0
107.38,4,0,0,0
249.11,21,1,0,0
250.96,19,1,0,0
252.51,20,3,0,0
150.63,16,1,0,0
45.68,17,5,0,0
210.43,18,3,0,0
121.35,16,1,0,0
65.55,3,1,0,0
55.23,23,2,0,0
229.63,16,1,0,0
283.15,17,2,0,0
2530.14,9,6,1,1
108.82,1,1,0,0
231.47,5,3,0,0
179.3,4,5,0,0
198.72,20,3,0,0
32.79,5,5,0,0
101.11,1,1,0,0
149.23,4,6,0,0
7.72,23,1,0,0
241.98,16,6,0,0
248.11,23,2,0,0
195.16,20,5,0,0
257.88,20,2,0,0
209.02,5,1,0,0
219.45,17,3,0,0
22.9,18,1,0,0
197.06,3,0,0,0
27.33,1,5,0,0
59.75,1,0,0,0
234.17,3,0,0,0
167.77,16,3,0,0
168.72,16,6,0,0
159.26,0,3,0,0
30.59,19,2,0,0
279.26,21,5,0,0
110.38,19,5,0,0
163.2,2,5,0,0
287.12,17,4,0,0
160.49,21,5,0,0
31.1,5,3,0,0
169.89,1,6,0,0
224.76,16,2,0,0
65.58,23,2,0,0
97.91,20,6,0,0
95.88,19,4,0,0
231.36,17,3,0,0
203.77,16,0,0,0
210.35,23,3,0,0
262.45,2,0,0,0
41.52,3,1,0,0
258.52,16,0,0,0
55.19,16,4,0,0
225.38,17,0,0,0
90.93,0,6,0,0
172.66,16,4,0,0
92.08,5,2,0,0
279.87,20,2,0,0
190.14,16,3,0,0
136.75,4,0,0,0
28.44,17,2,0,0
71.84,4,6,0,0
182.83,3,3,0,0
245.55,16,5,0,0
2521.94,14,6,1,1
226.03,16,0,0,0
231.49,0,1,0,0
92.82,18,1,0,0
42.56,2,5,0,0
156.05,22,5,0,0
292.46,4,0,0,0
189.88,22,1,0,0
126.08,4,4,0,0
270.8,1,5,0,0
255.41,1,2,0,0
38.13,4,1,0,0
13.8,0,3,0,0
234.0,21,3,0,0
167.1,19,1,0,0
73.69,19,1,0,0
100.14,2,5,0,0
151.78,23,3,0,0
99.26,3,3,0,0
76.79,21,5,0,0
42.87,21,0,0,0
140.98,23,2,0,0
27.78,1,4,0,0
142.47,2,1,0,0
176.02,3,4,0,0
72.71,1,6,0,0
137.66,5,6,0,0
271.34,2,5,0,0
175.1,4,4,0,0
1975.26,14,6,1,1
289.71,3,5,0,0
2295.24,9,1,1,1
4296.42,9,4,1,1
167.87,4,6,0,0
279.04,3,4,0,0
89.01,22,0,0,0
220.43,23,0,0,0
63.1,0,6,0,0
51.83,18,5,0,0
36.71,1,1,0,0
22.93,2,6,0,0
159.39,2,5,0,0
264.09,16,6,0,0
47.76,1,4,0,0
250.51,19,1,0,0
60.45,20,0,0,0
18.75,0,3,0,0
203.78,1,6,0,0
2890.08,10,5,1,1
24.73,5,5,0,0
43.39,1,6,0,0
107.95,4,4,0,0
239.87,4,2,0,0
127.24,16,2,0,0
136.68,2,1,0,0
170.57,1,4,0,0
4709.25,10,5,1,1
50.08,21,6,0,0
147.19,2,2,0,0
88.69,2,2,0,0
269.79,20,0,0,0
283.79,1,3,0,0
118.46,1,6,0,0
179.26,17,0,0,0
107.34,3,1,0,0
176.64,23,2,0,0
251.07,1,4,0,0
52.54,21,3,0,0
6.45,4,5,0,0
221.8,3,6,0,0
270.87,1,4,0,0
251.86,22,5,0,0
1088.46,11,2,1,1
276.16,2,1,0,0
292.37,5,3,0,0
263.18,18,6,0,0
157.31,1,3,0,0
85.33,2,5,0,0
132.16,20,6,0,0
269.33,0,3,0,0
3916.29,10,3,1,1
184.02,18,6,0,0
74.54,18,6,0,0
186.82,17,6,0,0
201.73,18,3,0,0
164.66,20,0,0,0
213.17,0,2,0,0
101.48,2,3,0,0
59.09,16,1,0,0
32.72,17,2,0,0
211.59,20,1,0,0
132.58,23,3,0,0
225.13,18,5,0,0
185.86,19,4,0,0
211.31,1,2,0,0
277.32,0,5,0,0
207.79,16,2,0,0
4447.24,14,6,1,1
114.35,20,6,0,0
67.02,3,6,0,0
25.07,22,3,0,0
194.61,18,0,0,0
11.36,21,6,0,0
226.05,22,6,0,0
88.39,20,1,0,0
99.0,5,1,0,0
203.34,4,4,0,0
147.64,19,6,0,0
77.25,19,2,0,0
243.18,3,1,0,0
162.35,1,6,0,0
266.72,20,0,0,0
1214.18,10,0,1,1
239.29,21,1,0,0
238.16,19,2,0,0
10.67,20,5,0,0
136.09,2,4,0,0
154.09,22,6,0,0
197.19,2,4,0,0
289.17,0,2,0,0
152.04,21,2,0,0
2679.98,10,0,1,1
198.58,18,4,0,0
70.17,0,0,0,0
12.75,1,5,0,0
150.89,23,4,0,0
228.65,19,3,0,0
210.19,19,1,0,0
149.36,23,0,0,0
288.37,20,2,0,0
146.2,1,4,0,0
2946.83,9,4,1,1
150.55,3,1,0,0
113.22,3,5,0,0
277.34,19,6,0,0
40.15,17,6,0,0
65.75,19,2,0,0
229.0,2,1,0,0
90.83,3,2,0,0
289.37,16,0,0,0
101.42,16,1,0,0
222.78,23,2,0,0
93.55,0,0,0,0
88.2,2,6,0,0
243.11,17,1,0,0
151.13,3,5,0,0
202.17,17,4,0,0
108.24,1,0,0,0
107.76,19,6,0,0
155.45,20,0,0,0
37.04,18,2,0,0
289.22,22,4,0,0
240.04,22,4,0,0
4433.55,9,6,1,1
141.25,23,0,0,0
141.14,2,1,0,0
295.54,18,2,0,0
14.11,2,4,0,0
59.43,16,2,0,0
118.24,4,5,0,0
155.35,4,6,0,0
259.76,5,1,0,0
193.54,22,0,0,0
182.24,22,3,0,0
139.59,1,1,0,0
222.52,2,2,0,0
168.57,3,4,0,0
280.46,1,5,0,0
159.02,5,3,0,0
32.99,22,5,0,0
282.97,23,3,0,0
2211.45,13,2,1,1
141.56,4,1,0,0
178.31,1,3,0,0
286.28,5,1,0,0
116.91,2,1,0,0
186.91,18,3,0,0
285.4,21,0,0,0
150.83,21,1,0,0
244.73,4,2,0,0
1948.66,14,6,1,1
290.76,5,6,0,0
250.11,23,0,0,0
188.25,2,3,0,0
258.99,1,4,0,0
210.97,0,3,0,0
293.55,17,0,0,0
71.64,22,4,0,0
162.04,21,0,0,0
17.0,18,1,0,0
270.8,16,2,0,0
72.91,23,2,0,0
14.48,16,1,0,0
124.21,16,6,0,0
132.8,23,1,0,0
13.2,5,1,0,0
69.75,23,0,0,0
173.72,16,0,0,0
251.45,5,5,0,0
124.64,21,1,0,0
75.85,2,2,0,0
9.97,16,1,0,0
99.11,3,5,0,0
209.0,19,3,0,0
263.1,1,2,0,0
67.08,21,1,0,0
35.0,3,4,0,0
236.86,2,3,0,0
15.59,2,2,0,0
88.94,4,5,0,0
240.65,20,4,0,0
160.12,5,5,0,0
274.68,5,1,0,0
280.71,0,5,0,0
21.15,1,3,0,0
200.35,20,2,0,0
51.3,17,1,0,0
46.22,18,1,0,0
146.89,0,0,0,0
136.78,18,3,0,0
147.44,20,4,0,0
255.62,19,3,0,0
66.86,2,2,0,0
273.33,5,4,0,0
157.9,17,2,0,0
195.14,23,6,0,0
258.09,2,1,0,0
19.45,0,0,0,0
8.97,3,2,0,0
235.91,21,0,0,0
13.51,19,0,0,0
20.44,17,1,0,0
197.59,23,4,0,0
184.53,23,4,0,0
3049.69,10,3,1,1
170.32,19,3,0,0
207.47,21,2,0,0
3953.36,10,2,1,1
191.32,5,6,0,0
259.06,23,4,0,0
51.79,18,1,0,0
151.2,2,3,0,0
181.93,22,6,0,0
112.24,17,5,0,0
245.2,2,4,0,0
15.56,4,5,0,0
266.07,4,1,0,0
1757.29,9,0,1,1
82.66,20,3,0,0
280.22,16,0,0,0
185.72,17,6,0,0
86.45,4,5,0,0
241.65,20,5,0,0
174.55,22,2,0,0
264.5,3,0,0,0
258.06,23,0,0,0
298.54,18,5,0,0
22.39,5,5,0,0
143.74,1,3,0,0
186.49,19,0,0,0
233.76,4,6,0,0
29.59,22,0,0,0
183.11,5,4,0,0
186.7,5,4,0,0
271.44,22,5,0,0
205.74,20,0,0,0
235.04,16,0,0,0
213.06,16,1,0,0
286.45,17,6,0,0
286.87,18,4,0,0
236.92,20,3,0,0
252.64,1,2,0,0
79.84,21,3,0,0
194.4,17,2,0,0
241.0,23,3,0,0
136.32,0,3,0,0
1002.87,14,2,1,1
197.19,1,2,0,0
1939.05,9,2,1,1
209.01,1,2,0,0
189.72,17,0,0,0
253.52,22,0,0,0
112.89,2,0,0,0
170.05,17,5,0,0
90.93,19,5,0,0
46.38,2,5,0,0
150.84,0,2,0,0
246.59,20,2,0,0
146.01,17,1,0,0
276.22,19,6,0,0
272.04,2,1,0,0
216.65,2,0,0,0
279.88,19,5,0,0
25.98,20,2,0,0
132.66,17,4,0,0
244.38,1,1,0,0
281.92,3,1,0,0
190.16,17,5,0,0
128.7,17,6,0,0
171.41,3,2,0,0
299.65,17,6,0,0
59.75,0,6,0,0
134.07,2,5,0,0
55.82,3,5,0,0
46.35,23,1,0,0
2443.3,13,5,1,1
84.61,5,1,0,0
2546.27,14,6,1,1
49.6,18,1,0,0
165.77,4,0,0,0
209.06,2,1,0,0
284.69,17,1,0,0
3978.97,14,1,1,1
250.72,23,3,0,0
255.52,20,0,0,0
158.56,2,6,0,0
24.47,2,0,0,0
96.45,21,4,0,0
258.86,2,4,0,0
9.85,21,5,0,0
94.0,0,1,0,0
183.4,2,0,0,0
49.31,21,1,0,0
205.85,18,1,0,0
117.29,23,0,0,0
82.82,0,2,0,0
201.29,20,3,0,0
69.91,23,6,0,0
204.24,18,0,0,0
62.66,5,6,0,0
292.49,21,4,0,0
99.04,20,3,0,0
32.57,21,4,0,0
45.47,4,1,0,0
226.17,17,5,0,0
242.51,19,3,0,0
256.35,1,1,0,0
294.49,3,5,0,0
201.68,18,4,0,0
168.02,5,0,0,0
62.97,17,0,0,0
267.59,20,3,0,0
109.26,3,2,0,0
1019.73,14,5,1,1
31.37,21,1,0,0
197.78,2,3,0,0
267.62,2,3,0,0
90.33,20,5,0,0
32.39,2,2,0,0
8.41,16,0,0,0
137.63,19,5,0,0
4027.9,12,3,1,1
116.14,17,1,0,0
246.7,5,3,0,0
92.27,1,1,0,0
155.44,18,5,0,0
138.86,3,1,0,0
224.17,16,0,0,0
162.74,1,1,0,0
89.62,19,2,0,0
143.56,21,4,0,0
109.79,22,1,0,0
105.8,16,2,0,0
167.19,22,2,0,0
212.38,5,3,0,0
212.3,17,0,0,0
39.05,0,6,0,0
176.27,2,4,0,0
172.85,21,2,0,0
198.94,5,6,0,0
61.63,23,0,0,0
202.99,17,0,0,0
235.27,22,3,0,0
135.29,0,1,0,0
208.23,0,0,0,0
101.57,23,3,0,0
142.22,17,0,0,0
240.72,18,0,0,0
208.85,18,3,0,0
21.75,5,1,0,0
13.62,16,6,0,0
122.53,5,4,0,0
291.37,20,6,0,0
257.96,20,1,0,0
102.32,2,0,0,0
61.88,2,4,0,0
132.72,23,6,0,0
286.43,22,3,0,0
112.46,22,3,0,0
290.33,22,4,0,0
16.61,19,6,0,0
74.7,4,2,0,0
229.33,22,3,0,0
104.58,23,6,0,0
196.27,5,2,0,0
71.44,1,4,0,0
111.25,21,6,0,0
9.26,18,0,0,0
104.13,4,1,0,0
284.64,21,0,0,0
156.42,3,5,0,0
151.34,18,0,0,0
13.87,5,5,0,0
69.12,4,2,0,0
208.51,22,6,0,0
3943.35,10,6,1,1
145.83,23,1,0,0
214.55,1,6,0,0
174.57,5,4,0,0
51.06,23,3,0,0
237.91,4,0,0,0
72.34,3,0,0,0
151.91,18,0,0,0
248.72,20,1,0,0
144.96,18,6,0,0
73.47,19,4,0,0
133.32,19,4,0,0
67.93,18,6,0,0
189.47,22,4,0,0
132.76,1,4,0,0
208.83,4,2,0,0
136.74,16,0,0,0
207.46,22,5,0,0
39.62,4,4,0,0
114.36,4,2,0,0
70.05,2,1,0,0
250.62,5,6,0,0
115.04,19,5,0,0
144.13,5,6,0,0
129.93,19,5,0,0
269.51,2,0,0,0
161.14,19,3,0,0
251.53,17,2,0,0
277.69,17,2,0,0
294.19,20,6,0,0
139.64,18,1,0,0
21.69,18,2,0,0
260.93,4,1,0,0
123.55,19,2,0,0
98.81,0,3,0,0
220.73,1,1,0,0
191.68,19,3,0,0
166.02,2,2,0,0
244.81,17,6,0,0
181.92,22,4,0,0
158.56,4,3,0,0
221.78,23,5,0,0
25.79,22,0,0,0
263.69,16,0,0,0
122.55,18,3,0,0
3989.89,9,1,1,1
175.24,3,5,0,0
256.34,3,2,0,0
235.04,3,1,0,0
281.11,22,1,0,0
197.81,21,4,0,0
200.71,4,1,0,0
8.71,20,0,0,0
2349.03,10,5,1,1
4517.03,12,5,1,1
155.58,20,1,0,0
135.46,5,6,0,0
112.34,19,2,0,0
27.42,20,1,0,0
2698.12,12,2,1,1
148.39,0,2,0,0
13.44,17,0,0,0
240.3,1,4,0,0
61.5,23,0,0,0
184.96,23,6,0,0
252.09,1,4,0,0
20.25,4,3,0,0
286.8,17,2,0,0
119.86,22,1,0,0
92.28,3,4,0,0
53.61,1,1,0,0
29.24,22,1,0,0
250.47,21,0,0,0
77.75,20,6,0,0
125.84,18,4,0,0
1210.04,12,5,1,1
19.98,20,3,0,0
165.0,2,1,0,0
124.97,16,0,0,0
4776.65,13,4,1,1
141.0,5,2,0,0
29.08,2,5,0,0
159.14,16,0,0,0
219.07,0,1,0,0
261.38,3,3,0,0
189.98,20,6,0,0
288.32,0,1,0,0
159.81,20,1,0,0
282.09,4,0,0,0
2833.81,11,2,1,1
210.75,5,1,0,0
153.42,18,2,0,0
134.48,16,2,0,0
64.78,1,2,0,0
285.54,0,4,0,0
125.28,3,0,0,0
59.36,1,0,0,0
54.92,0,6,0,0
278.48,17,1,0,0
202.97,23,0,0,0
248.39,5,2,0,0
295.24,1,3,0,0
4169.77,13,5,1,1
14.08,0,0,0,0
226.59,23,5,0,0
143.28,19,4,0,0
196.53,0,2,0,0
188.82,1,5,0,0
246.3,22,2,0,0
4911.82,9,3,1,1
179.99,17,3,0,0
292.36,19,4,0,0
84.47,20,1,0,0
107.02,3,0,0,0
213.39,17,0,0,0
21.84,1,1,0,0
154.74,4,3,0,0
175.51,18,1,0,0
170.56,3,5,0,0
227.2,19,5,0,0
294.46,23,6,0,0
158.89,23,2,0,0
115.58,18,1,0,0
34.06,2,4,0,0
211.06,0,2,0,0
113.05,0,5,0,0
3340.45,10,3,1,1
213.32,0,1,0,0
100.64,5,2,0,0
118.09,0,0,0,0
11.24,5,6,0,0
76.28,19,6,0,0
42.66,0,3,0,0
271.16,3,2,0,0
113.7,2,0,0,0
198.11,1,0,0,0
285.16,3,6,0,0
156.83,20,5,0,0
249.33,5,3,0,0
31.2,0,6,0,0
270.22,21,1,0,0
104.01,20,5,0,0
21.58,18,1,0,0
54.81,5,3,0,0
116.04,19,2,0,0
256.26,18,1,0,0
299.2,3,5,0,0
2754.22,14,2,1,1
162.54,22,2,0,0
17.81,20,3,0,0
209.27,16,2,0,0
109.29,21,0,0,0
27.98,1,2,0,0
229.56,2,1,0,0
188.51,23,6,0,0
31.61,21,4,0,0
218.86,5,6,0,0
244.94,20,6,0,0
112.77,5,4,0,0
41.54,3,4,0,0
131.09,3,4,0,0
128.69,4,1,0,0
232.61,4,2,0,0
214.8,1,4,0,0
177.71,17,4,0,0
171.32,18,5,0,0
183.61,3,1,0,0
283.81,18,2,0,0
114.99,16,5,0,0
104.81,5,6,0,0
29.62,20,3,0,0
6.54,17,6,0,0
100.48,19,1,0,0
187.33,17,6,0,0
124.91,20,3,0,0
296.06,21,5,0,0
61.24,0,3,0,0
191.29,1,5,0,0
191.49,23,2,0,0
106.39,0,5,0,0
259.96,5,4,0,0
79.56,4,1,0,0
1248.65,11,6,1,1
265.18,23,5,0,0
293.46,21,4,0,0
201.24,16,0,0,0
30.52,23,0,0,0
100.61,4,4,0,0
215.28,1,2,0,0
156.14,21,0,0,0
29.08,22,5,0,0
115.38,4,5,0,0
259.43,20,3,0,0
5.79,17,3,0,0
11.98,23,1,0,0
297.94,1,4,0,0
7.31,0,3,0,0
239.87,3,0,0,0
32.48,23,1,0,0
161.55,19,3,0,0
288.08,4,5,0,0
283.8,2,2,0,0
10.45,18,3,0,0
276.08,18,0,0,0
34.72,0,3,0,0
166.93,0,1,0,0
21.69,5,4,0,0
244.54,4,3,0,0
108.64,1,0,0,0
215.91,0,6,0,0
4713.24,10,1,1,1
225.39,17,0,0,0
103.58,20,0,0,0
278.56,17,1,0,0
10.09,17,2,0,0
127.75,21,0,0,0
33.03,21,0,0,0
230.03,4,0,0,0
165.78,17,6,0,0
214.52,18,5,0,0
254.1,3,0,0,0
105.34,23,0,0,0
42.98,1,2,0,0
161.45,22,6,0,0
254.15,19,3,0,0
281.02,17,6,0,0
288.65,5,5,0,0
271.4,5,0,0,0
268.54,4,4,0,0
175.96,21,5,0,0
47.2,19,5,0,0
290.17,1,1,0,0
149.46,5,0,0,0
1994.54,11,3,1,1
128.06,17,3,0,0
61.11,5,1,0,0
267.33,20,5,0,0
188.03,4,5,0,0
131.84,23,1,0,0
124.57,19,4,0,0
224.33,1,2,0,0
233.65,21,2,0,0
42.93,22,3,0,0
39.47,19,2,0,0
152.06,1,0,0,0
34.97,4,1,0,0
223.76,23,2,0,0
166.95,22,6,0,0
150.26,0,2,0,0
101.59,3,2,0,0
9.47,17,6,0,0
83.0,17,0,0,0
41.96,5,4,0,0
70.02,23,6,0,0
14.78,22,6,0,0
109.4,19,6,0,0
183.44,22,1,0,0
189.55,22,5,0,0
97.12,0,0,0,0
197.3,1,4,0,0
289.12,2,2,0,0
93.31,2,5,0,0
184.69,3,0,0,0
1915.11,9,4,1,1
35.91,23,0,0,0
286.2,0,3,0,0
4229.21,10,6,1,1
1690.62,10,0,1,1
41.3,2,4,0,0
25.21,23,4,0,0
165.27,16,6,0,0
11.35,23,2,0,0
245.02,4,2,0,0
149.75,20,0,0,0
97.33,5,3,0,0
114.32,16,6,0,0
160.18,22,5,0,0
172.56,4,3,0,0
239.34,2,4,0,0
92.47,18,1,0,0
278.48,1,2,0,0
233.24,1,1,0,0
103.38,16,6,0,0
246.17,4,4,0,0
182.41,16,2,0,0
4581.36,14,0,1,1
196.29,2,4,0,0
95.21,19,5,0,0
164.82,5,0,0,0
256.78,1,5,0,0
296.43,16,6,0,0
59.84,1,4,0,0
18.15,20,2,0,0
49.95,3,3,0,0
168.22,18,0,0,0
57.52,19,6,0,0
167.42,18,1,0,0
238.06,21,1,0,0
263.26,16,6,0,0
82.74,18,4,0,0
141.77,19,1,0,0
247.92,18,5,0,0
81.77,0,6,0,0
57.06,0,4,0,0
273.77,1,3,0,0
238.72,1,0,0,0
277.22,0,4,0,0
265.79,5,4,0,0
102.53,18,5,0,0
251.31,18,3,0,0
31.31,22,6,0,0
209.48,20,0,0,0
283.95,2,1,0,0
146.39,1,6,0,0
79.9,20,2,0,0
124.74,21,0,0,0
209.38,2,3,0,0
31.75,20,6,0,0
11.87,2,5,0,0
82.46,16,5,0,0
171.94,20,3,0,0
42.59,5,4,0,0
187.67,5,1,0,0
75.98,18,6,0,0
103.9,17,2,0,0
120.86,21,2,0,0
26.79,0,5,0,0
76.61,4,4,0,0
54.8,22,1,0,0
10.81,18,6,0,0
111.81,23,5,0,0
109.15,22,2,0,0
238.86,2,1,0,0
204.76,22,6,0,0
252.56,21,4,0,0
254.66,23,0,0,0
16.39,2,1,0,0
140.46,0,0,0,0
55.27,4,0,0,0
132.09,1,2,0,0
3255.41,11,2,1,1
138.28,1,6,0,0
85.53,3,0,0,0
270.1,17,3,0,0
257.22,0,6,0,0
210.62,17,0,0,0
127.03,21,6,0,0
238.83,20,0,0,0
115.65,4,6,0,0
165.4,2,4,0,0
2557.52,12,4,1,1
248.29,3,0,0,0
4056.0,13,3,1,1
2113.44,12,0,1,1
138.13,2,1,0,0
1875.75,9,6,1,1
254.57,2,5,0,0
269.14,19,6,0,0
217.78,20,5,0,0
281.55,22,2,0,0
189.93,4,0,0,0
62.37,22,6,0,0
258.98,5,1,0,0
55.47,22,1,0,0
11.05,20,4,0,0
30.91,2,6,0,0
297.5,5,3,0,0
2620.11,10,2,1,1
49.11,19,0,0,0
82.71,4,3,0,0
284.86,3,0,0,0
2706.06,13,0,1,1
181.02,2,0,0,0
5.68,16,0,0,0
294.8,17,3,0,0
5.6,18,2,0,0
221.4,4,6,0,0
139.06,22,6,0,0
84.8,17,2,0,0
195.32,22,3,0,0
28.61,4,0,0,0
202.82,16,1,0,0
51.85,0,6,0,0
169.64,18,2,0,0
200.77,17,5,0,0
89.47,2,0,0,0
65.86,3,3,0,0
230.92,18,5,0,0
231.99,21,6,0,0
143.15,0,4,0,0
74.17,17,3,0,0
177.39,0,2,0,0
93.61,21,0,0,0
62.08,2,6,0,0
191.31,23,5,0,0
292.37,1,1,0,0
190.56,21,4,0,0
274.56,16,5,0,0
111.38,16,0,0,0
126.22,22,3,0,0
66.73,0,0,0,0
1461.59,13,4,1,1
73.01,4,3,0,0
102.65,19,6,0,0
115.82,23,0,0,0
191.73,5,2,0,0
100.44,22,2,0,0
130.95,17,5,0,0
61.78,0,4,0,0
294.34,17,2,0,0
136.11,1,3,0,0
44.17,17,1,0,0
87.63,23,2,0,0
18.17,17,4,0,0
172.33,18,1,0,0
44.53,21,6,0,0
218.4,4,6,0,0
277.91,18,0,0,0
117.89,21,4,0,0
147.56,19,0,0,0
194.78,4,0,0,0
213.61,18,0,0,0
257.08,2,0,0,0
118.74,18,2,0,0
76.05,18,1,0,0
162.35,17,2,0,0
199.32,4,1,0,0
270.01,16,1,0,0
267.02,5,1,0,0
115.07,4,3,0,0
34.26,0,5,0,0
174.36,0,2,0,0
41.01,2,5,0,0
264.26,21,1,0,0
124.58,19,3,0,0
276.43,23,6,0,0
248.39,19,3,0,0
98.78,0,5,0,0
20.49,22,2,0,0
69.72,4,3,0,0
97.28,19,1,0,0
54.1,2,3,0,0
296.55,5,2,0,0
272.08,17,0,0,0
127.77,5,4,0,0
37.33,4,0,0,0
19.97,3,0,0,0
30.77,17,4,0,0
181.19,23,5,0,0
178.92,16,3,0,0
116.66,2,5,0,0
129.65,4,2,0,0
82.85,3,0,0,0
261.5,2,0,0,0
253.96,1,1,0,0
21.55,4,1,0,0
240.74,20,2,0,0
234.82,16,0,0,0
91.81,17,3,0,0
254.62,16,0,0,0
62.63,21,1,0,0
26.78,5,5,0,0
166.32,21,1,0,0
176.62,23,4,0,0
188.99,2,5,0,0
58.98,16,1,0,0
1758.41,12,2,1,1
59.07,16,2,0,0
294.49,3,2,0,0
181.68,0,2,0,0
243.04,3,0,0,0
2334.64,13,5,1,1
188.15,3,0,0,0
131.46,20,6,0,0
263.95,22,3,0,0
275.02,0,4,0,0
85.75,19,2,0,0
260.13,0,1,0,0
289.89,2,1,0,0
19.79,21,0,0,0
45.88,2,1,0,0
288.15,18,1,0,0
199.6,23,6,0,0
73.97,0,5,0,0
129.48,0,3,0,0
135.05,2,0,0,0
121.81,0,2,0,0
262.16,23,2,0,0
237.21,16,5,0,0
197.65,3,2,0,0
299.2,4,4,0,0
294.56,2,5,0,0
95.35,1,4,0,0
235.73,17,6,0,0
80.83,4,4,0,0
267.15,3,2,0,0
84.92,21,5,0,0
143.33,3,0,0,0
190.94,2,0,0,0
93.3,3,0,0,0
290.35,17,0,0,0
224.96,2,2,0,0
134.23,5,6,0,0
61.91,1,4,0,0
152.46,1,4,0,0
272.99,4,0,0,0
101.42,16,1,0,0
19.28,17,2,0,0
15.75,1,0,0,0
75.36,1,0,0,0
127.3,18,1,0,0
201.35,22,5,0,0
4930.74,10,2,1,1
84.12,3,4,0,0
35.51,23,6,0,0
3167.1,12,1,1,1
137.76,3,5,0,0
98.82,2,1,0,0
75.63,3,6,0,0
26.28,0,4,0,0
24.69,16,2,0,0
103.66,20,3,0,0
156.23,1,0,0,0
250.26,19,0,0,0
252.34,1,5,0,0
3587.6,13,6,1,1
57.06,22,4,0,0
178.92,16,6,0,0
30.24,21,6,0,0
36.98,21,5,0,0
73.13,5,0,0,0
178.96,19,3,0,0
181.16,2,6,0,0
250.67,4,0,0,0
210.66,2,4,0,0
154.19,17,2,0,0
209.55,5,0,0,0
189.95,20,4,0,0
82.18,16,6,0,0
204.09,17,3,0,0
119.31,17,6,0,0
194.68,1,0,0,0
21.98,16,3,0,0
171.45,0,1,0,0
55.33,21,0,0,0
59.61,20,4,0,0
254.99,3,4,0,0
234.79,19,5,0,0
5.95,21,2,0,0
121.96,21,1,0,0
199.65,5,2,0,0
225.43,17,1,0,0
185.64,21,4,0,0
80.28,0,0,0,0
158.36,22,0,0,0
41.5,19,5,0,0
246.25,23,3,0,0
284.96,20,5,0,0
160.06,19,0,0,0
39.48,4,2,0,0
263.05,20,0,0,0
89.25,19,6,0,0
132.92,23,6,0,0
217.39,3,2,0,0
34.29,4,2,0,0
189.76,23,2,0,0
292.72,3,3,0,0
149.9,20,5,0,0
100.35,3,5,0,0
31.45,0,0,0,0
122.23,18,1,0,0
33.92,16,0,0,0
223.68,23,5,0,0
45.8,18,4,0,0
11.52,19,2,0,0
141.57,23,2,0,0
116.52,2,2,0,0
288.26,22,6,0,0
107.61,16,5,0,0
94.99,18,1,0,0
262.82,21,6,0,0
91.64,23,4,0,0
2088.15,13,1,1,1
98.05,16,6,0,0
282.03,20,2,0,0
99.64,22,5,0,0
261.05,19,1,0,0
140.76,0,1,0,0
99.89,0,3,0,0
123.41,20,2,0,0
131.51,0,0,0,0
83.61,2,4,0,0
58.85,21,0,0,0
277.22,3,1,0,0
226.88,4,0,0,0
153.81,3,6,0,0
1534.18,13,5,1,1
165.07,3,4,0,0
60.67,1,3,0,0
94.93,18,1,0,0
24.84,0,3,0,0
32.56,5,4,0,0
36.9,2,6,0,0
279.59,5,4,0,0
190.6,20,6,0,0
112.72,16,2,0,0
65.55,19,1,0,0
150.02,1,0,0,0
236.24,21,2,0,0
194.01,21,2,0,0
190.0,17,0,0,0
179.91,18,3,0,0
149.22,0,1,0,0
43.38,20,6,0,0
2974.04,10,4,1,1
224.36,1,3,0,0
296.21,22,4,0,0
8.15,4,2,0,0
2703.16,11,0,1,1
84.81,20,6,0,0
279.57,21,5,0,0
293.76,0,1,0,0
274.89,1,2,0,0
69.96,2,5,0,0
126.07,23,4,0,0
216.27,2,4,0,0
292.81,2,4,0,0
112.95,3,1,0,0
131.19,2,1,0,0
71.62,19,3,0,0
50.01,17,0,0,0
142.29,19,3,0,0
12.52,21,5,0,0
95.23,21,4,0,0
182.87,21,5,0,0
132.5,17,5,0,0
196.03,22,5,0,0
243.68,17,6,0,0
88.99,4,0,0,0
78.68,0,4,0,0
221.85,18,0,0,0
49.42,4,3,0,0
269.72,5,3,0,0
76.25,5,4,0,0
238.49,4,5,0,0
102.42,18,0,0,0
238.7,17,2,0,0
12.96,2,6,0,0
142.67,17,1,0,0
298.68,16,4,0,0
83.07,23,4,0,0
148.91,2,4,0,0
263.24,0,5,0,0
244.08,19,3,0,0
69.18,17,1,0,0
14.54,23,4,0,0
55.94,3,6,0,0
62.67,3,5,0,0
240.0,0,0,0,0
241.88,17,0,0,0
215.89,18,1,0,0
241.05,4,2,0,0
90.02,19,4,0,0
88.7,20,6,0,0
293.71,17,0,0,0
209.69,19,2,0,0
76.94,4,2,0,0
187.58,0,6,0,0
136.87,20,6,0,0
51.43,1,2,0,0
292.72,22,1,0,0
210.38,4,5,0,0
207.83,18,1,0,0
218.13,0,1,0,0
283.0,5,2,0,0
116.18,16,1,0,0
134.75,22,1,0,0
275.18,2,2,0,0
46.18,19,4,0,0
106.07,2,4,0,0
79.26,18,4,0,0
165.86,4,5,0,0
158.0,22,6,0,0
212.67,20,0,0,0
233.29,1,4,0,0
159.01,4,2,0,0
160.36,20,5,0,0
278.1,3,2,0,0
174.55,16,2,0,0
19.12,19,0,0,0
139.89,22,0,0,0
188.28,1,3,0,0
125.1,23,4,0,0
1876.19,14,0,1,1
152.97,2,0,0,0
50.48,17,5,0,0
17.63,2,2,0,0
116.54,17,6,0,0
174.74,22,0,0,0
15.27,19,3,0,0
113.53,1,1,0,0
119.35,3,1,0,0
113.16,20,2,0,0
141.72,0,3,0,0
163.78,17,6,0,0
25.07,19,4,0,0
200.15,5,0,0,0
134.18,18,6,0,0
258.91,1,5,0,0
246.96,19,4,0,0
270.03,18,6,0,0
215.58,5,5,0,0
128.81,2,6,0,0
3254.46,12,6,1,1
281.76,2,1,0,0
211.27,2,6,0,0
279.07,22,4,0,0
102.93,19,1,0,0
257.96,2,3,0,0
112.93,4,2,0,0
96.8,4,1,0,0
75.47,22,0,0,0
275.4,1,2,0,0
76.79,20,5,0,0
83.83,4,1,0,0
16.64,21,4,0,0
249.58,23,0,0,0
60.96,22,5,0,0
4526.95,14,0,1,1
197.34,21,0,0,0
83.19,23,5,0,0
69.42,17,0,0,0
158.92,19,5,0,0
73.61,3,4,0,0
49.5,0,2,0,0
238.05,0,5,0,0
18.73,16,4,0,0
159.64,21,1,0,0
92.15,1,1,0,0
23.47,19,6,0,0
286.25,5,2,0,0
183.48,1,5,0,0
277.67,19,4,0,0
237.88,22,0,0,0
152.72,20,0,0,0
30.81,18,2,0,0
80.82,19,0,0,0
157.11,22,4,0,0
199.65,0,3,0,0
34.42,3,2,0,0
261.81,16,6,0,0
280.41,2,2,0,0
135.96,21,1,0,0
80.57,5,6,0,0
201.07,3,0,0,0
139.42,23,5,0,0
230.71,21,6,0,0
176.02,19,5,0,0
88.4,20,5,0,0
262.0,21,5,0,0
191.88,17,1,0,0
221.55,21,4,0,0
287.72,1,0,0,0
233.03,2,6,0,0
106.34,0,3,0,0
272.08,23,1,0,0
18.4,0,6,0,0
183.39,16,2,0,0
171.38,18,2,0,0
293.99,21,3,0,0
253.01,16,3,0,0
134.93,18,1,0,0
167.78,18,1,0,0
185.76,3,0,0,0
219.1,19,2,0,0
62.74,0,1,0,0
239.55,23,2,0,0
208.4,0,6,0,0
85.93,16,0,0,0
292.12,3,0,0,0
73.13,1,3,0,0
286.79,21,0,0,0
227.24,0,1,0,0
12.81,21,5,0,0
153.08,5,5,0,0
91.9,21,0,0,0
229.69,21,0,0,0
142.55,16,5,0,0
144.42,16,2,0,0
163.97,16,0,0,0
67.28,19,6,0,0
239.32,21,5,0,0
123.63,22,5,0,0
204.07,18,1,0,0
2698.06,9,2,1,1
97.1,3,4,0,0
227.93,3,1,0,0
73.56,18,3,0,0
28.19,1,0,0,0
71.73,16,0,0,0
251.96,21,3,0,0
240.5,2,5,0,0
222.92,22,5,0,0
12.69,21,6,0,0
164.79,20,2,0,0
46.99,0,1,0,0
224.18,17,4,0,0
120.85,16,1,0,0
62.54,4,1,0,0
8.86,3,0,0,0
33.14,4,0,0,0
241.41,0,6,0,0
258.75,21,5,0,0
23.11,16,0,0,0
29.16,1,5,0,0
274.84,23,2,0,0
245.54,4,1,0,0
163.63,21,2,0,0
196.4,2,2,0,0
175.31,22,0,0,0
270.3,23,3,0,0
239.29,19,6,0,0
79.97,16,4,0,0
126.36,1,1,0,0
63.24,22,2,0,0
221.03,21,1,0,0
195.74,1,5,0,0
182.7,2,3,0,0
212.74,22,1,0,0
76.64,3,0,0,0
221.29,5,4,0,0
20.92,17,6,0,0
33.8,19,5,0,0
252.67,2,4,0,0
83.16,17,2,0,0
265.55,2,6,0,0
8.6,1,4,0,0
146.83,5,4,0,0
294.93,21,1,0,0
223.31,19,2,0,0
153.58,5,3,0,0
216.34,3,3,0,0
106.9,4,6,0,0
108.4,2,2,0,0
46.33,23,1,0,0
271.65,21,0,0,0
250.32,19,4,0,0
207.6,3,0,0,0
195.63,19,3,0,0
204.4,5,5,0,0
4258.85,9,1,1,1
108.85,0,5,0,0
148.75,18,2,0,0
158.81,20,4,0,0
1722.75,13,3,1,1
4644.06,9,4,1,1
245.33,22,0,0,0
65.77,16,1,0,0
38.87,2,0,0,0
50.26,18,3,0,0
299.29,4,2,0,0
145.42,5,2,0,0
125.23,16,6,0,0
262.25,3,0,0,0
118.77,22,0,0,0
112.53,23,3,0,0
105.33,2,0,0,0
19.97,18,4,0,0
254.91,5,0,0,0
30.76,1,1,0,0
222.43,16,2,0,0
56.63,5,3,0,0
191.24,22,1,0,0
32.15,5,6,0,0
228.81,2,6,0,0
39.49,20,6,0,0
14.12,20,4,0,0
90.58,3,1,0,0
163.12,19,0,0,0
282.44,1,6,0,0
224.52,0,1,0,0
80.94,21,2,0,0
166.51,21,6,0,0
41.31,19,1,0,0
290.13,0,1,0,0
220.41,16,0,0,0
60.6,20,6,0,0
196.57,19,0,0,0
151.65,17,2,0,0
160.59,17,5,0,0
214.13,2,1,0,0
188.49,5,2,0,0
53.46,19,0,0,0
160.91,23,5,0,0
4816.94,13,0,1,1
41.87,3,0,0,0
240.03,0,4,0,0
52.46,22,1,0,0
142.36,2,4,0,0
173.21,20,2,0,0
251.12,0,3,0,0
145.51,2,2,0,0
115.58,5,5,0,0
141.22,18,4,0,0
202.07,0,5,0,0
268.28,5,1,0,0
256.66,17,2,0,0
239.08,5,4,0,0
35.78,1,4,0,0
213.72,20,5,0,0
292.02,16,3,0,0
194.63,17,3,0,0
22.18,23,1,0,0
42.0,21,0,0,0
41.51,18,4,0,0
160.24,3,2,0,0
170.47,5,1,0,0
171.2,20,6,0,0
46.27,17,3,0,0
85.27,21,5,0,0
256.77,20,0,0,0
51.71,5,4,0,0
173.91,21,3,0,0
217.09,5,0,0,0
143.17,20,2,0,0
1923.45,10,5,1,1
109.04,2,5,0,0
212.84,21,3,0,0
265.79,0,2,0,0
134.59,5,0,0,0
167.29,20,1,0,0
203.3,18,0,0,0
199.84,21,6,0,0
46.25,17,0,0,0
269.56,22,3,0,0
229.39,19,5,0,0
275.91,21,3,0,0
138.58,16,2,0,0
252.72,21,5,0,0
85.52,20,6,0,0
251.46,3,5,0,0
117.86,17,0,0,0
26.68,0,3,0,0
215.19,23,1,0,0
45.21,20,2,0,0
220.63,3,5,0,0
77.09,20,5,0,0
169.5,19,2,0,0
13.6,21,4,0,0
26.19,3,0,0,0
251.66,2,4,0,0
130.06,0,1,0,0
76.5,3,0,0,0
269.93,4,1,0,0
122.69,0,5,0,0
269.05,20,4,0,0
265.1,21,2,0,0
169.3,18,0,0,0
229.95,22,6,0,0
177.31,5,0,0,0
267.69,21,5,0,0
89.93,17,2,0,0
4107.57,9,4,1,1
245.5,3,4,0,0
191.77,2,3,0,0
230.11,3,5,0,0
289.75,22,3,0,0
185.35,1,1,0,0
20.35,22,3,0,0
56.45,19,6,0,0
162.88,20,6,0,0
116.96,21,2,0,0
201.72,3,5,0,0
53.2,4,3,0,0
180.91,0,6,0,0
2812.58,13,0,1,1
121.83,0,0,0,0
149.22,18,4,0,0
143.45,16,6,0,0
184.37,4,0,0,0
189.02,4,3,0,0
75.82,21,0,0,0
94.6,22,5,0,0
17.89,3,2,0,0
233.31,4,6,0,0
189.17,18,0,0,0
55.83,20,0,0,0
76.98,22,1,0,0
124.01,20,6,0,0
274.97,1,5,0,0
161.81,5,2,0,0
10.36,2,0,0,0
265.31,16,5,0,0
299.3,20,6,0,0
223.42,22,1,0,0
43.23,4,0,0,0
27.4,20,2,0,0
21.92,19,6,0,0
285.46,0,4,0,0
258.5,18,0,0,0
156.76,3,1,0,0
273.93,16,1,0,0
42.68,16,1,0,0
115.4,20,2,0,0
229.51,16,1,0,0
110.55,22,4,0,0
59.76,20,5,0,0
177.41,4,0,0,0
26.77,23,0,0,0
241.34,19,0,0,0
25.61,3,4,0,0
2700.81,14,2,1,1
70.52,0,3,0,0
49.16,2,6,0,0
102.32,19,5,0,0
173.72,22,5,0,0
118.29,21,0,0,0
104.09,2,1,0,0
148.53,20,5,0,0
67.35,21,1,0,0
26.25,17,5,0,0
98.37,22,1,0,0
205.02,22,6,0,0
107.32,4,3,0,0
246.59,22,6,0,0
191.1,1,4,0,0
170.96,0,3,0,0
221.63,16,3,0,0
32.17,3,3,0,0
109.36,5,2,0,0
293.41,4,1,0,0
213.76,18,1,0,0
24.74,23,1,0,0
87.61,16,2,0,0
4781.52,13,2,1,1
103.6,4,6,0,0
80.31,4,3,0,0
182.53,23,0,0,0
2581.18,9,0,1,1
289.01,20,2,0,0
48.57,19,1,0,0
273.08,18,3,0,0
228.7,17,6,0,0
251.39,21,6,0,0
170.04,20,6,0,0
3758.87,12,0,1,1
178.05,17,5,0,0
232.94,23,1,0,0
287.92,19,0,0,0
29.59,4,2,0,0
53.46,0,3,0,0
223.51,16,0,0,0
128.96,3,6,0,0
110.54,5,2,0,0
210.17,21,0,0,0
290.16,22,0,0,0
40.94,19,3,0,0
4074.3,9,4,1,1
138.02,23,4,0,0
286.92,17,2,0,0
212.81,19,6,0,0
204.64,21,3,0,0
182.72,0,1,0,0
171.52,18,2,0,0
111.2,20,4,0,0
49.87,16,2,0,0
127.67,3,0,0,0
98.19,3,0,0,0
205.97,3,2,0,0
132.25,3,3,0,0
6.88,17,0,0,0
244.51,0,6,0,0
239.34,16,2,0,0
130.78,23,6,0,0
298.53,3,2,0,0
222.4,17,5,0,0
224.69,19,3,0,0
290.28,2,4,0,0
2198.3,14,6,1,1
79.19,17,2,0,0
293.76,2,2,0,0
68.12,17,6,0,0
86.51,3,0,0,0
173.68,4,0,0,0
259.81,0,1,0,0
24.09,20,5,0,0
71.68,23,5,0,0
289.98,23,4,0,0
110.76,3,6,0,0
210.11,18,0,0,0
135.38,3,6,0,0
118.53,23,3,0,0
167.57,0,4,0,0
235.23,20,4,0,0
57.41,18,1,0,0
238.42,4,3,0,0
181.78,20,1,0,0
276.26,17,6,0,0
184.47,23,2,0,0
256.73,4,5,0,0
93.4,21,4,0,0
197.85,17,4,0,0
189.77,0,4,0,0
111.51,20,6,0,0
194.28,5,3,0,0
165.5,21,3,0,0
26.12,5,4,0,0
80.95,5,4,0,0
237.5,21,5,0,0
184.83,5,5,0,0
212.09,22,2,0,0
278.24,17,1,0,0
286.45,2,0,0,0
210.67,21,3,0,0
131.66,2,1,0,0
148.15,22,3,0,0
113.96,1,5,0,0
24.47,21,4,0,0
235.47,20,4,0,0
26.52,23,6,0,0
287.18,16,1,0,0
211.3,16,2,0,0
235.63,2,3,0,0
286.85,5,6,0,0
262.55,0,4,0,0
46.27,20,1,0,0
106.08,20,5,0,0
156.17,0,0,0,0
198.58,23,3,0,0
29.93,16,3,0,0
236.31,4,4,0,0
26.71,2,4,0,0
213.89,4,2,0,0
65.63,21,5,0,0
83.67,23,2,0,0
84.85,5,0,0,0
133.61,21,1,0,0
134.85,22,4,0,0
214.34,2,4,0,0
99.97,5,3,0,0
227.93,0,3,0,0
29.63,20,4,0,0
162.63,5,0,0,0
48.04,19,3,0,0
214.51,22,5,0,0
292.77,5,3,0,0
3792.98,14,4,1,1
241.84,1,6,0,0
142.13,4,4,0,0
288.46,3,5,0,0
160.88,5,5,0,0
21.17,19,4,0,0
197.58,23,1,0,0
65.66,17,3,0,0
4014.15,10,2,1,1
54.92,0,2,0,0
124.41,19,1,0,0
3472.58,14,4,1,1
98.01,21,6,0,0
289.93,0,5,0,0
17.55,18,0,0,0
99.85,1,5,0,0
3065.11,12,6,1,1
163.43,22,5,0,0
1724.05,14,1,1,1
91.8,23,4,0,0
125.08,16,3,0,0
288.82,17,3,0,0
289.67,16,2,0,0
82.22,2,5,0,0
184.75,19,6,0,0
120.92,4,2,0,0
127.03,16,1,0,0
204.2,17,6,0,0
182.01,4,3,0,0
99.32,23,3,0,0
122.42,22,6,0,0
112.47,2,5,0,0
75.86,18,1,0,0
68.58,18,4,0,0
2060.15,11,5,1,1
186.43,21,5,0,0
85.92,1,5,0,0
165.82,16,1,0,0
276.42,19,0,0,0
77.83,23,1,0,0
190.4,19,0,0,0
159.65,20,1,0,0
203.33,23,4,0,0
142.33,5,2,0,0
197.02,22,0,0,0
238.3,16,1,0,0
6.06,1,2,0,0
3127.56,14,6,1,1
52.65,5,1,0,0
82.29,4,1,0,0
170.85,20,0,0,0
137.58,0,3,0,0
137.44,16,3,0,0
76.07,3,0,0,0
66.33,4,0,0,0
245.9,19,6,0,0
121.89,17,2,0,0
92.44,17,4,0,0
196.88,18,0,0,0
225.38,19,5,0,0
50.64,23,0,0,0
36.24,5,0,0,0
159.08,5,6,0,0
205.2,16,5,0,0
222.7,5,6,0,0
269.32,19,2,0,0
187.42,16,5,0,0
259.09,17,5,0,0
235.8,21,2,0,0
252.54,0,2,0,0
242.87,1,1,0,0
10.16,20,2,0,0
43.43,3,3,0,0
23.17,5,4,0,0
273.89,17,2,0,0
33.21,5,4,0,0
289.86,1,0,0,0
104.2,4,0,0,0
192.38,1,5,0,0
171.74,23,4,0,0
251.72,5,1,0,0
197.41,22,3,0,0
100.63,20,6,0,0
167.06,16,2,0,0
258.22,4,5,0,0
156.54,23,4,0,0
293.26,16,2,0,0
172.7,5,6,0,0
58.25,18,4,0,0
35.73,21,1,0,0
80.35,3,0,0,0
2387.73,10,0,1,1
64.21,19,6,0,0
229.03,0,0,0,0
41.22,2,5,0,0
220.75,20,5,0,0
197.8,5,5,0,0
155.83,5,6,0,0
172.88,4,5,0,0
53.62,18,3,0,0
88.32,4,1,0,0
72.99,0,0,0,0
267.52,4,3,0,0
27.44,17,6,0,0
211.49,22,4,0,0
6.0,20,3,0,0
143.52,2,0,0,0
118.22,23,6,0,0
34.65,20,4,0,0
74.51,1,2,0,0
276.38,23,6,0,0
172.03,20,6,0,0
170.05,21,5,0,0
25.15,19,4,0,0
113.91,0,3,0,0
272.03,18,3,0,0
218.66,16,4,0,0
73.31,3,5,0,0
87.95,4,2,0,0
160.76,21,3,0,0
209.92,0,0,0,0
40.31,17,2,0,0
11.48,22,2,0,0
219.74,5,3,0,0
5.88,20,0,0,0
241.15,23,3,0,0
298.35,18,0,0,0
1760.32,11,4,1,1
136.55,20,4,0,0
272.95,23,6,0,0
4090.47,14,0,1,1
1981.52,12,6,1,1
225.91,17,1,0,0
3721.21,11,3,1,1
121.84,18,2,0,0
66.2,0,0,0,0
51.62,2,1,0,0
249.03,2,3,0,0
191.64,5,0,0,0
242.52,22,0,0,0
132.2,17,3,0,0
173.43,23,6,0,0
280.01,3,4,0,0
116.03,23,0,0,0
268.95,20,0,0,0
256.49,5,0,0,0
17.38,1,2,0,0
269.43,22,3,0,0
44.3,22,4,0,0
217.7,19,1,0,0
254.07,4,0,0,0
19.76,16,6,0,0
145.83,17,5,0,0
41.41,21,0,0,0
198.02,20,1,0,0
224.68,16,1,0,0
223.39,5,5,0,0
144.41,16,3,0,0
75.5,20,6,0,0
54.37,19,0,0,0
202.01,17,3,0,0
103.33,5,1,0,0
54.82,20,1,0,0
198.08,2,2,0,0
131.47,20,3,0,0
2214.18,14,5,1,1
172.29,17,4,0,0
21.32,17,3,0,0
52.43,5,0,0,0
177.7,4,0,0,0
284.96,23,2,0,0
95.15,17,0,0,0
151.32,21,3,0,0
10.04,2,2,0,0
104.65,21,5,0,0
240.23,0,1,0,0
286.93,0,6,0,0
49.37,3,1,0,0
1053.25,13,3,1,1
45.15,4,6,0,0
293.96,0,2,0,0
252.13,20,4,0,0
71.66,2,4,0,0
95.82,3,6,0,0
262.42,21,2,0,0
221.54,23,1,0,0
227.83,23,4,0,0
273.99,18,1,0,0
190.64,19,1,0,0
211.88,21,4,0,0
4546.69,12,4,1,1
182.37,2,0,0,0
205.08,23,5,0,0
109.15,20,4,0,0
74.76,16,5,0,0
121.09,17,1,0,0
5.15,16,3,0,0
264.91,22,1,0,0
177.12,17,0,0,0
196.29,19,2,0,0
166.97,5,1,0,0
145.03,20,5,0,0
56.49,22,0,0,0
3191.87,13,0,1,1
4665.19,10,1,1,1
43.83,17,1,0,0
290.27,21,2,0,0
149.07,2,6,0,0
102.37,17,3,0,0
244.3,2,1,0,0
126.87,1,1,0,0
183.82,5,1,0,0
82.66,16,2,0,0
157.27,4,3,0,0
173.63,18,5,0,0
109.28,18,6,0,0
144.13,16,1,0,0
24.05,1,5,0,0
117.67,19,1,0,0
151.17,2,4,0,0
256.61,3,2,0,0
269.05,3,1,0,0
70.99,21,1,0,0
1654.05,12,2,1,1
273.75,2,1,0,0
207.69,22,1,0,0
194.38,5,2,0,0
287.55,18,1,0,0
268.76,21,4,0,0
179.8,21,0,0,0
10.15,18,4,0,0
4704.77,14,3,1,1
248.33,20,2,0,0
101.06,4,0,0,0
244.28,21,0,0,0
225.95,2,6,0,0
234.8,22,4,0,0
167.0,17,5,0,0
270.67,5,0,0,0
244.73,22,2,0,0
3115.16,11,1,1,1
44.92,17,3,0,0
12.09,23,2,0,0
105.72,19,2,0,0
204.15,17,2,0,0
109.25,17,0,0,0
11.42,16,6,0,0
221.49,22,3,0,0
4102.78,12,2,1,1
199.49,21,2,0,0
95.04,23,6,0,0
217.18,18,2,0,0
108.99,4,4,0,0
216.49,23,2,0,0
221.38,16,6,0,0
237.7,23,2,0,0
207.31,19,5,0,0
272.5,21,3,0,0
97.02,0,6,0,0
181.87,19,0,0,0
4778.61,11,5,1,1
139.95,22,3,0,0
110.87,16,0,0,0
176.1,21,5,0,0
51.79,5,3,0,0
233.25,2,0,0,0
36.75,5,5,0,0
95.54,18,5,0,0
237.71,22,3,0,0
2277.1,13,3,1,1
292.64,19,6,0,0
282.62,18,4,0,0
129.43,17,6,0,0
48.19,21,5,0,0
210.2,17,5,0,0
271.69,17,6,0,0
172.72,1,3,0,0
299.94,1,2,0,0
60.01,4,4,0,0
88.45,5,2,0,0
159.26,23,6,0,0
44.28,20,6,0,0
140.71,17,6,0,0
69.97,0,6,0,0
6.23,21,3,0,0
79.63,21,6,0,0
158.95,5,2,0,0
113.6,4,5,0,0
210.24,0,1,0,0
191.47,3,4,0,0
288.41,16,4,0,0
21.85,5,3,0,0
255.84,19,6,0,0
134.68,19,5,0,0
205.87,1,2,0,0
233.15,16,4,0,0
84.05,2,1,0,0
228.08,16,3,0,0
272.8,3,5,0,0
142.72,1,0,0,0
62.88,4,6,0,0
41.2,2,3,0,0
105.58,4,5,0,0
210.51,1,6,0,0
79.62,5,5,0,0
63.76,19,4,0,0
124.83,20,3,0,0
78.94,5,1,0,0
130.09,16,4,0,0
166.88,17,0,0,0
148.49,0,4,0,0
105.84,19,0,0,0
46.54,5,0,0,0
289.11,5,5,0,0
139.85,19,5,0,0
92.85,20,6,0,0
104.89,5,0,0,0
158.02,23,4,0,0
201.29,19,1,0,0
43.19,4,1,0,0
272.29,1,6,0,0
119.14,18,4,0,0
275.77,19,0,0,0
193.51,17,6,0,0
118.66,20,4,0,0
107.34,5,2,0,0
237.07,19,0,0,0
58.36,23,3,0,0
119.55,20,3,0,0
285.17,5,1,0,0
166.21,21,1,0,0
69.69,17,5,0,0
108.34,16,1,0,0
207.69,22,2,0,0
80.13,23,1,0,0
124.64,5,3,0,0
296.1,23,2,0,0
203.34,16,0,0,0
210.18,1,3,0,0
73.5,0,1,0,0
167.89,1,1,0,0
149.11,17,0,0,0
1373.63,10,5,1,1
245.16,2,2,0,0
200.66,2,1,0,0
120.32,19,6,0,0
190.23,1,5,0,0
258.39,5,4,0,0
82.34,16,6,0,0
107.78,21,5,0,0
283.19,21,4,0,0
224.94,19,1,0,0
138.47,19,1,0,0
257.1,5,5,0,0
69.47,1,4,0,0
206.82,19,1,0,0
60.14,17,0,0,0
278.14,23,4,0,0
222.83,22,2,0,0
1736.73,10,3,1,1
39.46,19,5,0,0
20.99,3,6,0,0
55.85,19,6,0,0
3329.74,14,2,1,1
165.77,5,4,0,0
299.15,5,2,0,0
17.93,22,1,0,0
255.66,1,5,0,0
62.58,18,6,0,0
210.38,3,3,0,0
175.54,4,2,0,0
124.78,20,1,0,0
246.57,18,1,0,0
37.45,19,2,0,0
3979.56,12,2,1,1
267.98,3,6,0,0
226.68,17,2,0,0
260.1,21,1,0,0
154.63,4,2,0,0
76.78,20,1,0,0
108.55,18,6,0,0
134.74,3,3,0,0
9.77,17,0,0,0
69.92,3,6,0,0
240.85,5,0,0,0
110.07,5,3,0,0
51.02,0,2,0,0
187.79,1,2,0,0
2978.13,11,5,1,1
74.15,21,5,0,0
257.02,23,1,0,0
248.75,0,6,0,0
217.25,23,3,0,0
93.96,5,6,0,0
1376.99,11,0,1,1
133.69,1,2,0,0
109.5,19,5,0,0
191.61,3,0,0,0
259.7,23,1,0,0
17.98,1,1,0,0
125.56,17,2,0,0
70.04,16,2,0,0
193.26,0,3,0,0
47.68,16,1,0,0
39.43,23,0,0,0
138.15,5,3,0,0
229.29,3,1,0,0
158.86,23,3,0,0
79.84,5,3,0,0
63.58,18,2,0,0
170.63,23,1,0,0
56.47,2,6,0,0
262.38,21,0,0,0
42.22,1,1,0,0
54.28,18,2,0,0
117.07,21,4,0,0
114.11,21,4,0,0
216.07,17,2,0,0
250.25,1,0,0,0
64.38,5,6,0,0
26.2,4,4,0,0
282.26,1,1,0,0
182.75,18,1,0,0
71.65,4,6,0,0
70.14,18,1,0,0
249.41,4,0,0,0
23.52,0,1,0,0
159.17,21,3,0,0
35.85,4,2,0,0
107.6,16,6,0,0
132.49,3,4,0,0
165.6,20,2,0,0
240.53,3,1,0,0
129.97,2,0,0,0
190.66,3,0,0,0
129.87,2,3,0,0
290.81,17,5,0,0
251.32,2,0,0,0
172.67,18,5,0,0
186.01,23,6,0,0
51.31,18,3,0,0
1395.09,12,2,1,1
7.71,2,4,0,0
219.42,3,1,0,0
38.16,0,3,0,0
21.1,18,1,0,0
244.19,1,2,0,0
53.13,17,3,0,0
278.85,3,5,0,0
37.56,19,4,0,0
243.0,4,0,0,0
250.88,18,1,0,0
220.02,22,3,0,0
292.81,22,0,0,0
291.07,21,5,0,0
114.73,16,1,0,0
235.62,5,1,0,0
61.19,1,6,0,0
201.25,18,1,0,0
190.64,16,3,0,0
60.37,18,6,0,0
75.9,20,6,0,0
140.28,22,0,0,0
123.26,1,4,0,0
290.93,18,1,0,0
43.02,1,0,0,0
59.56,0,4,0,0
248.04,4,4,0,0
260.22,2,1,0,0
3533.81,10,2,1,1
27.09,3,2,0,0
161.32,19,1,0,0
134.37,4,5,0,0
265.31,23,2,0,0
257.9,18,6,0,0
248.91,0,4,0,0
197.49,17,0,0,0
31.31,23,2,0,0
27.76,18,4,0,0
108.9,4,5,0,0
31.31,3,6,0,0
267.48,23,0,0,0
275.88,3,2,0,0
60.77,1,0,0,0
78.04,19,3,0,0
192.78,18,0,0,0
257.0,22,6,0,0
124.01,1,6,0,0
220.56,21,6,0,0
121.47,17,2,0,0
280.9,22,5,0,0
209.59,17,3,0,0
116.46,23,6,0,0
73.49,19,0,0,0
23.05,1,0,0,0
34.03,4,6,0,0
53.9,21,2,0,0
123.17,17,3,0,0
206.0,21,5,0,0
78.41,2,4,0,0
123.79,2,6,0,0
136.55,2,1,0,0
62.46,5,0,0,0
109.78,1,3,0,0
107.16,23,1,0,0
145.51,4,5,0,0
109.91,4,2,0,0
112.89,18,0,0,0
182.92,23,3,0,0
203.76,2,2,0,0
52.53,2,4,0,0
4221.65,9,4,1,1
12.95,1,0,0,0
12.33,3,2,0,0
1087.43,12,0,1,1
297.15,19,5,0,0
2727.27,11,0,1,1
193.04,23,5,0,0
60.5,17,1,0,0
61.52,18,0,0,0
43.2,21,4,0,0
240.74,23,0,0,0
238.94,3,3,0,0
40.75,17,4,0,0
222.6,20,1,0,0
292.79,22,2,0,0
131.47,1,2,0,0
294.64,17,0,0,0
208.69,1,3,0,0
68.82,21,5,0,0
111.93,19,3,0,0
172.86,19,4,0,0
44.26,0,2,0,0
273.09,2,1,0,0
297.14,4,4,0,0
202.77,1,6,0,0
217.68,23,5,0,0
231.89,19,1,0,0
268.3,0,1,0,0
195.22,17,2,0,0
195.2,3,3,0,0
15.71,17,2,0,0
109.78,23,3,0,0
84.99,21,6,0,0
26.84,23,4,0,0
4674.52,12,3,1,1
283.38,17,6,0,0
242.02,16,5,0,0
27.11,4,0,0,0
156.32,17,6,0,0
106.07,2,3,0,0
144.69,5,5,0,0
294.54,17,5,0,0
202.63,1,3,0,0
37.23,23,1,0,0
31.63,0,0,0,0
1884.59,13,0,1,1
242.46,22,0,0,0
59.85,3,4,0,0
21.39,22,6,0,0
174.54,20,4,0,0
113.86,20,6,0,0
180.86,4,1,0,0
48.96,23,6,0,0
157.5,5,6,0,0
275.1,18,2,0,0
173.93,18,6,0,0
41.24,0,0,0,0
7.5,16,4,0,0
83.98,17,2,0,0
107.26,20,5,0,0
3229.15,10,3,1,1
81.44,17,6,0,0
43.73,16,0,0,0
126.62,21,1,0,0
17.4,20,6,0,0
145.77,17,5,0,0
125.35,20,1,0,0
214.68,23,4,0,0
177.48,2,3,0,0
97.18,19,0,0,0
65.62,3,3,0,0
71.28,19,6,0,0
7.4,4,1,0,0
222.95,0,5,0,0
265.27,20,5,0,0
64.96,21,0,0,0
126.1,2,3,0,0
146.86,5,2,0,0
11.16,22,6,0,0
100.63,5,5,0,0
154.9,5,5,0,0
42.06,4,0,0,0
122.5,17,5,0,0
46.01,21,3,0,0
147.88,19,1,0,0
297.44,0,5,0,0
12.6,5,5,0,0
285.11,18,0,0,0
51.82,17,0,0,0
222.44,1,2,0,0
233.51,16,1,0,0
279.48,4,5,0,0
112.79,2,3,0,0
18.34,21,4,0,0
100.23,20,0,0,0
6.89,22,5,0,0
269.16,20,1,0,0
252.59,4,0,0,0
168.51,23,3,0,0
53.41,5,6,0,0
29.72,5,2,0,0
180.56,23,0,0,0
239.93,3,3,0,0
147.67,20,3,0,0
229.53,5,1,0,0
40.15,21,3,0,0
157.3,18,5,0,0
118.58,0,4,0,0
50.89,0,2,0,0
68.88,22,0,0,0
119.29,4,2,0,0
146.52,22,1,0,0
162.83,16,4,0,0
221.69,20,3,0,0
168.39,4,5,0,0
142.53,2,6,0,0
68.04,2,0,0,0
202.89,1,2,0,0
289.81,22,6,0,0
73.79,0,4,0,0
180.62,20,1,0,0
294.45,16,3,0,0
74.53,5,2,0,0
216.53,17,5,0,0
209.76,2,4,0,0
219.84,2,4,0,0
13.99,3,5,0,0
93.8,21,0,0,0
17.84,1,2,0,0
153.91,5,4,0,0
220.84,17,5,0,0
257.25,3,1,0,0
206.61,1,2,0,0
9.24,18,0,0,0
194.62,0,0,0,0
123.14,21,3,0,0
217.72,21,1,0,0
5.32,5,1,0,0
256.16,22,4,0,0
247.19,19,1,0,0
84.15,4,3,0,0
117.01,18,1,0,0
267.29,21,6,0,0
292.79,0,0,0,0
237.37,21,1,0,0
288.06,16,4,0,0
138.3,4,3,0,0
121.82,4,2,0,0
33.81,1,4,0,0
244.46,17,5,0,0
83.78,19,3,0,0
239.35,2,1,0,0
202.02,4,5,0,0
107.18,23,2,0,0
3229.36,12,1,1,1
256.46,19,6,0,0
127.78,21,1,0,0
180.91,17,0,0,0
17.53,5,2,0,0
7.79,3,2,0,0
9.74,1,4,0,0
11.16,3,4,0,0
171.74,2,5,0,0
120.87,18,4,0,0
289.45,19,2,0,0
154.65,23,2,0,0
286.42,21,6,0,0
33.67,19,3,0,0
271.13,20,1,0,0
88.26,4,3,0,0
275.46,17,6,0,0
36.48,2,4,0,0
189.44,4,4,0,0
96.49,19,2,0,0
196.31,22,6,0,0
234.37,19,5,0,0
230.35,21,6,0,0
126.83,0,5,0,0
2719.86,14,3,1,1
36.83,5,0,0,0
228.12,20,2,0,0
94.24,18,6,0,0
151.33,22,6,0,0
31.05,3,6,0,0
123.05,23,1,0,0
246.18,0,5,0,0
153.34,0,2,0,0
76.36,3,1,0,0
70.13,0,4,0,0
32.08,5,0,0,0
84.33,5,2,0,0
271.47,23,2,0,0
157.4,1,6,0,0
132.01,21,1,0,0
211.19,16,0,0,0
151.43,16,5,0,0
129.12,4,0,0,0
294.51,17,0,0,0
129.84,17,3,0,0
2997.19,12,0,1,1
158.99,18,5,0,0
61.94,17,6,0,0
42.15,5,2,0,0
248.63,21,1,0,0
179.34,23,0,0,0
147.19,1,1,0,0
225.52,4,4,0,0
106.22,20,2,0,0
174.93,5,2,0,0
181.89,16,1,0,0
7.0,3,6,0,0
102.64,4,6,0,0
201.78,0,2,0,0
17.57,3,1,0,0
235.33,21,3,0,0
276.78,16,6,0,0
188.06,17,0,0,0
103.69,16,3,0,0
189.74,5,2,0,0
13.41,17,4,0,0
163.53,2,5,0,0
113.19,0,4,0,0
35.01,21,4,0,0
99.29,22,6,0,0
101.41,16,6,0,0
40.94,3,5,0,0
24.49,2,2,0,0
289.73,5,0,0,0
230.55,3,1,0,0
284.46,2,1,0,0
45.27,1,6,0,0
74.59,4,2,0,0
143.58,18,3,0,0
231.18,17,2,0,0
264.08,22,5,0,0
228.51,21,2,0,0
21.26,20,0,0,0
4369.92,14,6,1,1
122.42,20,0,0,0
60.99,4,6,0,0
164.69,21,5,0,0
14.8,1,5,0,0
3083.03,11,1,1,1
194.02,19,5,0,0
109.0,21,5,0,0
3684.33,14,1,1,1
277.44,4,6,0,0
140.4,18,2,0,0
106.73,2,0,0,0
265.03,22,6,0,0
58.64,22,2,0,0
31.8,16,1,0,0
186.2,22,1,0,0
172.19,3,1,0,0
198.09,0,0,0,0
175.21,18,6,0,0
70.85,18,2,0,0
172.86,17,4,0,0
270.77,1,0,0,0
277.56,17,0,0,0
275.41,4,2,0,0
192.55,18,1,0,0
12.51,23,6,0,0
189.89,20,3,0,0
13.37,3,3,0,0
167.9,22,5,0,0
194.61,18,2,0,0
282.1,23,0,0,0
38.74,18,3,0,0
12.77,22,2,0,0
122.25,17,6,0,0
297.47,21,6,0,0
126.4,5,2,0,0
69.92,0,3,0,0
273.5,23,5,0,0
45.3,18,0,0,0
222.38,16,3,0,0
288.0,16,5,0,0
178.75,22,2,0,0
158.4,22,4,0,0
59.09,3,6,0,0
266.68,5,0,0,0
1809.83,14,6,1,1
191.4,21,4,0,0
111.51,17,0,0,0
4470.23,12,2,1,1
252.44,20,4,0,0
179.65,3,0,0,0
227.09,0,3,0,0
295.57,23,5,0,0
137.12,2,2,0,0
237.19,4,2,0,0
90.32,2,4,0,0
189.16,18,4,0,0
102.96,18,1,0,0
197.14,5,0,0,0
260.52,16,2,0,0
4461.29,10,1,1,1
216.45,0,6,0,0
174.18,17,3,0,0
68.23,22,2,0,0
29.59,19,0,0,0
165.74,3,5,0,0
113.85,18,6,0,0
172.81,16,0,0,0
18.95,19,5,0,0
112.09,4,2,0,0
224.75,17,3,0,0
112.19,16,5,0,0
99.37,20,2,0,0
157.77,18,4,0,0
292.84,19,2,0,0
243.65,17,0,0,0
62.93,4,2,0,0
178.66,1,4,0,0
292.17,5,5,0,0
12.84,17,0,0,0
25.64,23,6,0,0
295.55,4,0,0,0
68.03,17,3,0,0
263.11,18,6,0,0
58.03,3,4,0,0
86.07,21,5,0,0
253.69,16,5,0,0
247.01,19,5,0,0
199.71,3,1,0,0
177.79,1,1,0,0
151.2,22,0,0,0
61.19,21,0,0,0
295.35,17,5,0,0
228.21,4,1,0,0
2341.3,11,3,1,1
46.63,18,1,0,0
221.2,0,2,0,0
264.72,16,2,0,0
102.26,1,0,0,0
24.38,5,3,0,0
254.78,18,1,0,0
81.51,20,1,0,0
11.65,23,0,0,0
90.12,5,1,0,0
150.73,23,5,0,0
166.16,0,2,0,0
198.12,4,5,0,0
51.8,18,5,0,0
101.79,0,1,0,0
44.66,20,0,0,0
113.65,2,6,0,0
106.1,0,5,0,0
57.34,21,6,0,0
64.17,1,3,0,0
153.1,3,3,0,0
212.88,4,5,0,0
287.31,18,6,0,0
183.56,20,2,0,0
140.95,0,5,0,0
182.77,16,0,0,0
160.0,23,1,0,0
284.43,17,2,0,0
245.29,2,1,0,0
236.72,16,6,0,0
38.11,3,0,0,0
218.01,0,1,0,0
42.68,22,3,0,0
14.42,3,1,0,0
135.86,23,4,0,0
200.16,5,3,0,0
219.53,18,5,0,0
108.24,22,3,0,0
75.39,19,5,0,0
284.78,4,3,0,0
72.75,3,4,0,0
186.16,0,2,0,0
239.91,5,5,0,0
222.72,0,1,0,0
115.5,4,4,0,0
112.43,22,4,0,0
44.5,23,3,0,0
250.92,1,1,0,0
111.01,18,6,0,0
190.17,16,5,0,0
6.9,0,2,0,0
284.5,18,5,0,0
128.86,4,6,0,0
290.21,22,2,0,0
255.37,22,1,0,0
275.59,1,3,0,0
153.52,16,5,0,0
251.07,17,3,0,0
113.82,4,3,0,0
275.27,2,3,0,0
172.42,2,6,0,0
108.56,19,3,0,0
50.0,2,5,0,0
225.35,18,3,0,0
174.64,17,2,0,0
146.63,1,4,0,0
194.21,0,3,0,0
1680.25,10,2,1,1
99.42,1,5,0,0
290.47,1,0,0,0
155.55,1,1,0,0
224.43,0,0,0,0
250.94,0,6,0,0
4488.98,12,2,1,1
26.42,21,0,0,0
89.05,19,3,0,0
275.49,19,3,0,0
55.21,4,2,0,0
96.45,21,0,0,0
2818.11,14,5,1,1
236.84,0,1,0,0
78.33,22,6,0,0
243.69,22,3,0,0
207.63,19,6,0,0
287.19,16,3,0,0
122.08,4,6,0,0
272.22,16,3,0,0
56.69,4,6,0,0
198.67,17,0,0,0
156.45,16,5,0,0
112.89,0,5,0,0
260.45,2,0,0,0
274.16,22,0,0,0
38.84,5,2,0,0
158.27,5,2,0,0
267.99,0,2,0,0
91.51,23,1,0,0
12.08,17,1,0,0
210.27,16,1,0,0
178.36,21,2,0,0
143.66,21,5,0,0
1841.64,11,2,1,1
127.37,23,4,0,0
158.56,2,1,0,0
158.25,16,5,0,0
75.01,1,1,0,0
114.06,2,2,0,0
106.93,23,3,0,0
266.89,18,6,0,0
144.5,17,3,0,0
247.81,2,5,0,0
282.5,5,3,0,0
135.74,2,1,0,0
98.64,23,2,0,0
288.22,21,0,0,0
202.05,0,2,0,0
150.76,20,5,0,0
270.12,0,4,0,0
52.14,17,4,0,0
274.4,22,3,0,0
100.55,23,2,0,0
199.69,0,6,0,0
167.32,4,2,0,0
288.94,21,5,0,0
84.59,21,0,0,0
206.11,22,4,0,0
49.0,18,5,0,0
79.92,2,2,0,0
43.02,3,4,0,0
294.01,2,1,0,0
124.16,20,4,0,0
107.0,23,3,0,0
195.75,19,1,0,0
138.58,3,0,0,0
26.6,19,1,0,0
86.87,2,4,0,0
99.0,20,2,0,0
200.3,2,1,0,0
18.15,2,4,0,0
10.61,22,0,0,0
193.38,18,1,0,0
2937.46,12,3,1,1
212.51,17,4,0,0
250.19,2,2,0,0
115.45,2,2,0,0
292.35,20,2,0,0
4363.6,12,5,1,1
190.47,22,1,0,0
185.33,19,0,0,0
96.91,19,2,0,0
37.1,20,1,0,0
84.06,3,3,0,0
214.59,5,3,0,0
182.7,18,3,0,0
156.79,17,3,0,0
223.57,19,2,0,0
161.16,17,3,0,0
265.37,21,2,0,0
223.03,2,4,0,0
267.08,5,1,0,0
121.74,2,2,0,0
132.29,1,6,0,0
35.3,23,2,0,0
129.83,16,2,0,0
36.02,19,2,0,0
55.45,4,5,0,0
239.39,19,2,0,0
10.15,22,6,0,0
219.86,18,6,0,0
134.87,0,2,0,0
3141.2,9,2,1,1
132.92,5,2,0,0
154.49,16,5,0,0
95.19,20,2,0,0
